Hour,Day,Month,nu,pu,nn
0,1,1,32,42,26
1,1,1,35,34,31
2,1,1,32,21,47
3,1,1,31,29,40
4,1,1,31,19,50
5,1,1,27,44,29
6,1,1,34,39,27
7,1,1,30,49,21
8,1,1,29,29,42
9,1,1,34,27,39
10,1,1,34,22,44
11,1,1,34,39,27
12,1,1,31,21,48
13,1,1,30,18,52
14,1,1,30,20,50
15,1,1,32,20,48
16,1,1,29,36,35
17,1,1,25,36,39
18,1,1,32,24,44
19,1,1,40,20,40
20,1,1,26,43,31
21,1,1,37,28,35
22,1,1,26,39,35
23,1,1,21,35,44
0,2,1,7,49,44
1,2,1,32,34,34
2,2,1,39,35,26
3,2,1,37,20,43
4,2,1,28,41,31
5,2,1,28,16,56
6,2,1,22,34,44
7,2,1,17,39,44
8,2,1,3,50,47
9,2,1,27,41,32
10,2,1,2,49,49
11,2,1,22,44,34
12,2,1,38,21,41
13,2,1,35,38,27
14,2,1,35,26,39
15,2,1,28,49,23
16,2,1,31,45,24
17,2,1,38,37,25
18,2,1,30,33,37
19,2,1,35,20,45
20,2,1,25,16,59
21,2,1,27,27,46
22,2,1,6,50,44
23,2,1,39,20,41
0,3,1,28,28,44
1,3,1,25,41,34
2,3,1,30,28,42
3,3,1,36,32,32
4,3,1,26,44,30
5,3,1,25,32,43
6,3,1,32,24,44
7,3,1,6,43,51
8,3,1,33,28,39
9,3,1,36,25,39
10,3,1,35,16,49
11,3,1,25,15,60
12,3,1,36,21,43
13,3,1,36,47,17
14,3,1,36,20,44
15,3,1,39,26,35
16,3,1,30,33,37
17,3,1,32,31,37
18,3,1,25,50,25
19,3,1,26,23,51
20,3,1,40,39,21
21,3,1,28,30,42
22,3,1,40,36,24
23,3,1,37,38,25
0,4,1,32,32,36
1,4,1,33,28,39
2,4,1,25,41,34
3,4,1,30,22,48
4,4,1,31,15,54
5,4,1,29,45,26
6,4,1,37,33,30
7,4,1,36,22,42
8,4,1,39,22,39
9,4,1,36,46,18
10,4,1,40,27,33
11,4,1,31,15,54
12,4,1,33,28,39
13,4,1,32,50,18
14,4,1,40,42,18
15,4,1,36,26,38
16,4,1,29,47,24
17,4,1,32,40,28
18,4,1,35,39,26
19,4,1,40,41,19
20,4,1,33,30,37
21,4,1,32,16,52
22,4,1,38,32,30
23,4,1,29,17,54
0,5,1,30,29,41
1,5,1,25,21,54
2,5,1,28,30,42
3,5,1,27,40,33
4,5,1,39,34,27
5,5,1,30,41,29
6,5,1,27,36,37
7,5,1,36,34,30
8,5,1,33,26,41
9,5,1,37,43,20
10,5,1,26,39,35
11,5,1,25,25,50
12,5,1,30,34,36
13,5,1,40,17,43
14,5,1,33,30,37
15,5,1,25,37,38
16,5,1,40,18,42
17,5,1,29,33,38
18,5,1,32,33,35
19,5,1,27,43,30
20,5,1,29,33,38
21,5,1,35,44,21
22,5,1,33,39,28
23,5,1,37,41,22
0,6,1,29,15,56
1,6,1,38,28,34
2,6,1,40,49,11
3,6,1,38,37,25
4,6,1,29,42,29
5,6,1,33,47,20
6,6,1,36,29,35
7,6,1,39,44,17
8,6,1,26,24,50
9,6,1,35,39,26
10,6,1,28,21,51
11,6,1,27,33,40
12,6,1,29,32,39
13,6,1,34,16,50
14,6,1,31,37,32
15,6,1,29,24,47
16,6,1,36,45,19
17,6,1,40,25,35
18,6,1,30,42,28
19,6,1,29,15,56
20,6,1,39,46,15
21,6,1,27,36,37
22,6,1,26,44,30
23,6,1,35,16,49
0,7,1,27,41,32
1,7,1,37,19,44
2,7,1,34,27,39
3,7,1,25,38,37
4,7,1,37,50,13
5,7,1,37,24,39
6,7,1,27,46,27
7,7,1,27,32,41
8,7,1,34,45,21
9,7,1,30,44,26
10,7,1,26,49,25
11,7,1,37,21,42
12,7,1,32,38,30
13,7,1,35,26,39
14,7,1,34,32,34
15,7,1,30,16,54
16,7,1,26,17,57
17,7,1,39,31,30
18,7,1,39,43,18
19,7,1,39,48,13
20,7,1,39,29,32
21,7,1,26,21,53
22,7,1,37,43,20
23,7,1,31,33,36
0,8,1,40,31,29
1,8,1,27,32,41
2,8,1,35,47,18
3,8,1,25,36,39
4,8,1,37,44,19
5,8,1,32,50,18
6,8,1,28,49,23
7,8,1,29,19,52
8,8,1,39,28,33
9,8,1,29,48,23
10,8,1,30,26,44
11,8,1,28,49,23
12,8,1,36,25,39
13,8,1,29,16,55
14,8,1,31,29,40
15,8,1,32,50,18
16,8,1,34,45,21
17,8,1,31,40,29
18,8,1,31,34,35
19,8,1,40,35,25
20,8,1,34,43,23
21,8,1,36,38,26
22,8,1,27,18,55
23,8,1,30,47,23
0,9,1,35,34,31
1,9,1,32,49,19
2,9,1,39,33,28
3,9,1,30,28,42
4,9,1,36,32,32
5,9,1,38,49,13
6,9,1,30,36,34
7,9,1,37,21,42
8,9,1,32,28,40
9,9,1,27,30,43
10,9,1,25,35,40
11,9,1,30,20,50
12,9,1,39,33,28
13,9,1,30,46,24
14,9,1,36,30,34
15,9,1,26,40,34
16,9,1,26,16,58
17,9,1,30,44,26
18,9,1,38,36,26
19,9,1,29,44,27
20,9,1,40,19,41
21,9,1,33,37,30
22,9,1,25,16,59
23,9,1,27,45,28
0,10,1,39,38,23
1,10,1,29,40,31
2,10,1,39,24,37
3,10,1,27,36,37
4,10,1,36,18,46
5,10,1,37,50,13
6,10,1,39,37,24
7,10,1,31,26,43
8,10,1,26,44,30
9,10,1,32,19,49
10,10,1,35,29,36
11,10,1,32,30,38
12,10,1,30,34,36
13,10,1,35,38,27
14,10,1,38,28,34
15,10,1,33,47,20
16,10,1,39,21,40
17,10,1,25,32,43
18,10,1,35,15,50
19,10,1,40,16,44
20,10,1,30,21,49
21,10,1,27,32,41
22,10,1,30,23,47
23,10,1,28,27,45
0,11,1,28,40,32
1,11,1,31,17,52
2,11,1,35,46,19
3,11,1,36,47,17
4,11,1,40,36,24
5,11,1,26,21,53
6,11,1,31,16,53
7,11,1,36,50,14
8,11,1,34,20,46
9,11,1,26,29,45
10,11,1,28,29,43
11,11,1,32,37,31
12,11,1,28,30,42
13,11,1,32,28,40
14,11,1,25,34,41
15,11,1,36,31,33
16,11,1,40,27,33
17,11,1,29,20,51
18,11,1,26,38,36
19,11,1,39,36,25
20,11,1,40,40,20
21,11,1,25,38,37
22,11,1,32,41,27
23,11,1,25,35,40
0,12,1,30,28,42
1,12,1,28,27,45
2,12,1,31,22,47
3,12,1,34,26,40
4,12,1,39,46,15
5,12,1,30,37,33
6,12,1,28,17,55
7,12,1,40,38,22
8,12,1,31,34,35
9,12,1,33,38,29
10,12,1,39,31,30
11,12,1,39,38,23
12,12,1,26,50,24
13,12,1,30,30,40
14,12,1,28,36,36
15,12,1,39,31,30
16,12,1,35,21,44
17,12,1,26,35,39
18,12,1,39,26,35
19,12,1,33,49,18
20,12,1,37,22,41
21,12,1,30,49,21
22,12,1,36,16,48
23,12,1,33,31,36
0,13,1,26,30,44
1,13,1,33,20,47
2,13,1,30,25,45
3,13,1,36,27,37
4,13,1,36,41,23
5,13,1,31,29,40
6,13,1,38,39,23
7,13,1,31,40,29
8,13,1,29,45,26
9,13,1,26,48,26
10,13,1,29,36,35
11,13,1,39,42,19
12,13,1,27,20,53
13,13,1,32,30,38
14,13,1,25,24,51
15,13,1,30,32,38
16,13,1,29,49,22
17,13,1,31,27,42
18,13,1,28,15,57
19,13,1,28,20,52
20,13,1,35,28,37
21,13,1,30,46,24
22,13,1,27,17,56
23,13,1,29,47,24
0,14,1,26,49,25
1,14,1,30,42,28
2,14,1,30,44,26
3,14,1,30,26,44
4,14,1,34,39,27
5,14,1,29,17,54
6,14,1,34,28,38
7,14,1,26,42,32
8,14,1,26,18,56
9,14,1,33,45,22
10,14,1,36,50,14
11,14,1,30,47,23
12,14,1,37,50,13
13,14,1,33,25,42
14,14,1,29,32,39
15,14,1,27,29,44
16,14,1,40,42,18
17,14,1,32,17,51
18,14,1,27,35,38
19,14,1,32,40,28
20,14,1,40,26,34
21,14,1,28,40,32
22,14,1,25,41,34
23,14,1,31,26,43
0,15,1,27,30,43
1,15,1,28,46,26
2,15,1,36,20,44
3,15,1,32,21,47
4,15,1,29,37,34
5,15,1,35,34,31
6,15,1,28,48,24
7,15,1,37,19,44
8,15,1,37,40,23
9,15,1,26,29,45
10,15,1,25,41,34
11,15,1,32,43,25
12,15,1,26,20,54
13,15,1,35,36,29
14,15,1,27,47,26
15,15,1,35,40,25
16,15,1,31,46,23
17,15,1,35,33,32
18,15,1,36,44,20
19,15,1,30,37,33
20,15,1,39,15,46
21,15,1,27,29,44
22,15,1,33,35,32
23,15,1,39,40,21
0,16,1,35,15,50
1,16,1,28,33,39
2,16,1,32,36,32
3,16,1,31,41,28
4,16,1,33,30,37
5,16,1,38,46,16
6,16,1,38,46,16
7,16,1,28,50,22
8,16,1,33,34,33
9,16,1,32,36,32
10,16,1,30,42,28
11,16,1,26,18,56
12,16,1,32,48,20
13,16,1,36,33,31
14,16,1,38,19,43
15,16,1,29,42,29
16,16,1,39,16,45
17,16,1,31,29,40
18,16,1,30,21,49
19,16,1,39,32,29
20,16,1,37,33,30
21,16,1,29,26,45
22,16,1,34,21,45
23,16,1,31,49,20
0,17,1,31,29,40
1,17,1,31,20,49
2,17,1,33,32,35
3,17,1,34,48,18
4,17,1,33,25,42
5,17,1,39,29,32
6,17,1,25,15,60
7,17,1,25,19,56
8,17,1,35,36,29
9,17,1,35,16,49
10,17,1,34,19,47
11,17,1,28,20,52
12,17,1,40,42,18
13,17,1,34,21,45
14,17,1,33,37,30
15,17,1,40,17,43
16,17,1,32,35,33
17,17,1,25,33,42
18,17,1,28,24,48
19,17,1,31,15,54
20,17,1,27,42,31
21,17,1,40,26,34
22,17,1,32,17,51
23,17,1,35,36,29
0,18,1,39,25,36
1,18,1,26,41,33
2,18,1,35,49,16
3,18,1,27,49,24
4,18,1,30,21,49
5,18,1,36,46,18
6,18,1,33,23,44
7,18,1,26,35,39
8,18,1,38,28,34
9,18,1,37,38,25
10,18,1,33,39,28
11,18,1,36,33,31
12,18,1,26,34,40
13,18,1,37,47,16
14,18,1,38,37,25
15,18,1,27,34,39
16,18,1,35,33,32
17,18,1,31,18,51
18,18,1,27,20,53
19,18,1,29,31,40
20,18,1,40,34,26
21,18,1,27,35,38
22,18,1,28,33,39
23,18,1,35,28,37
0,19,1,25,42,33
1,19,1,40,41,19
2,19,1,33,26,41
3,19,1,37,37,26
4,19,1,40,26,34
5,19,1,36,24,40
6,19,1,31,30,39
7,19,1,34,38,28
8,19,1,32,21,47
9,19,1,27,29,44
10,19,1,38,41,21
11,19,1,36,32,32
12,19,1,35,33,32
13,19,1,37,36,27
14,19,1,39,48,13
15,19,1,38,26,36
16,19,1,27,18,55
17,19,1,34,43,23
18,19,1,30,16,54
19,19,1,29,21,50
20,19,1,39,45,16
21,19,1,32,34,34
22,19,1,32,30,38
23,19,1,27,38,35
0,20,1,35,35,30
1,20,1,34,29,37
2,20,1,35,45,20
3,20,1,29,26,45
4,20,1,28,23,49
5,20,1,32,33,35
6,20,1,27,38,35
7,20,1,31,19,50
8,20,1,35,33,32
9,20,1,29,15,56
10,20,1,37,37,26
11,20,1,25,40,35
12,20,1,37,29,34
13,20,1,26,26,48
14,20,1,36,16,48
15,20,1,35,25,40
16,20,1,31,34,35
17,20,1,33,37,30
18,20,1,29,26,45
19,20,1,29,27,44
20,20,1,36,49,15
21,20,1,34,28,38
22,20,1,26,32,42
23,20,1,36,41,23
0,21,1,25,21,54
1,21,1,26,26,48
2,21,1,28,20,52
3,21,1,28,29,43
4,21,1,32,16,52
5,21,1,27,50,23
6,21,1,32,38,30
7,21,1,40,35,25
8,21,1,39,20,41
9,21,1,36,44,20
10,21,1,26,30,44
11,21,1,35,22,43
12,21,1,26,23,51
13,21,1,31,23,46
14,21,1,30,41,29
15,21,1,27,31,42
16,21,1,29,47,24
17,21,1,37,38,25
18,21,1,36,33,31
19,21,1,37,25,38
20,21,1,32,18,50
21,21,1,39,30,31
22,21,1,33,48,19
23,21,1,31,37,32
0,22,1,38,45,17
1,22,1,27,43,30
2,22,1,32,22,46
3,22,1,28,20,52
4,22,1,35,32,33
5,22,1,36,26,38
6,22,1,38,38,24
7,22,1,33,40,27
8,22,1,26,18,56
9,22,1,35,33,32
10,22,1,28,42,30
11,22,1,28,40,32
12,22,1,33,47,20
13,22,1,29,41,30
14,22,1,30,22,48
15,22,1,38,49,13
16,22,1,37,22,41
17,22,1,37,41,22
18,22,1,30,24,46
19,22,1,28,15,57
20,22,1,30,15,55
21,22,1,37,26,37
22,22,1,35,37,28
23,22,1,29,43,28
0,23,1,39,35,26
1,23,1,26,23,51
2,23,1,30,26,44
3,23,1,33,43,24
4,23,1,39,19,42
5,23,1,33,37,30
6,23,1,30,21,49
7,23,1,34,39,27
8,23,1,35,45,20
9,23,1,36,36,28
10,23,1,33,47,20
11,23,1,25,49,26
12,23,1,25,19,56
13,23,1,30,25,45
14,23,1,39,23,38
15,23,1,26,38,36
16,23,1,39,48,13
17,23,1,35,22,43
18,23,1,26,19,55
19,23,1,33,47,20
20,23,1,26,26,48
21,23,1,31,36,33
22,23,1,28,48,24
23,23,1,39,22,39
0,24,1,25,41,34
1,24,1,25,47,28
2,24,1,35,42,23
3,24,1,28,28,44
4,24,1,26,19,55
5,24,1,33,49,18
6,24,1,33,36,31
7,24,1,32,20,48
8,24,1,40,16,44
9,24,1,34,35,31
10,24,1,40,16,44
11,24,1,39,45,16
12,24,1,27,28,45
13,24,1,30,32,38
14,24,1,33,29,38
15,24,1,40,15,45
16,24,1,33,39,28
17,24,1,38,27,35
18,24,1,29,20,51
19,24,1,30,15,55
20,24,1,30,33,37
21,24,1,36,50,14
22,24,1,29,29,42
23,24,1,29,17,54
0,25,1,30,43,27
1,25,1,30,36,34
2,25,1,33,31,36
3,25,1,31,42,27
4,25,1,36,16,48
5,25,1,35,15,50
6,25,1,28,43,29
7,25,1,26,31,43
8,25,1,38,19,43
9,25,1,35,31,34
10,25,1,35,22,43
11,25,1,33,20,47
12,25,1,37,30,33
13,25,1,31,45,24
14,25,1,29,35,36
15,25,1,35,30,35
16,25,1,29,26,45
17,25,1,38,30,32
18,25,1,30,46,24
19,25,1,27,18,55
20,25,1,25,31,44
21,25,1,25,15,60
22,25,1,28,36,36
23,25,1,38,46,16
0,26,1,37,45,18
1,26,1,40,47,13
2,26,1,33,43,24
3,26,1,40,18,42
4,26,1,37,37,26
5,26,1,34,46,20
6,26,1,29,24,47
7,26,1,25,17,58
8,26,1,38,41,21
9,26,1,26,19,55
10,26,1,26,34,40
11,26,1,25,40,35
12,26,1,39,46,15
13,26,1,29,45,26
14,26,1,33,29,38
15,26,1,35,46,19
16,26,1,31,22,47
17,26,1,25,31,44
18,26,1,34,50,16
19,26,1,29,40,31
20,26,1,25,31,44
21,26,1,26,37,37
22,26,1,34,40,26
23,26,1,31,34,35
0,27,1,25,35,40
1,27,1,37,16,47
2,27,1,31,41,28
3,27,1,28,27,45
4,27,1,25,28,47
5,27,1,28,27,45
6,27,1,27,37,36
7,27,1,30,40,30
8,27,1,27,28,45
9,27,1,28,26,46
10,27,1,35,36,29
11,27,1,34,30,36
12,27,1,39,37,24
13,27,1,38,38,24
14,27,1,30,19,51
15,27,1,37,44,19
16,27,1,27,50,23
17,27,1,28,19,53
18,27,1,25,19,56
19,27,1,30,50,20
20,27,1,27,37,36
21,27,1,40,23,37
22,27,1,27,47,26
23,27,1,33,28,39
0,28,1,27,46,27
1,28,1,25,49,26
2,28,1,33,43,24
3,28,1,28,35,37
4,28,1,26,49,25
5,28,1,26,32,42
6,28,1,29,36,35
7,28,1,35,50,15
8,28,1,35,38,27
9,28,1,37,36,27
10,28,1,31,20,49
11,28,1,38,31,31
12,28,1,38,29,33
13,28,1,40,20,40
14,28,1,34,35,31
15,28,1,32,50,18
16,28,1,38,42,20
17,28,1,27,23,50
18,28,1,35,30,35
19,28,1,34,26,40
20,28,1,30,33,37
21,28,1,38,27,35
22,28,1,29,18,53
23,28,1,35,44,21
0,29,1,38,33,29
1,29,1,38,26,36
2,29,1,29,48,23
3,29,1,30,37,33
4,29,1,28,47,25
5,29,1,34,22,44
6,29,1,27,18,55
7,29,1,39,38,23
8,29,1,37,25,38
9,29,1,29,26,45
10,29,1,35,31,34
11,29,1,33,15,52
12,29,1,39,44,17
13,29,1,34,17,49
14,29,1,30,50,20
15,29,1,34,17,49
16,29,1,38,26,36
17,29,1,25,30,45
18,29,1,31,50,19
19,29,1,39,39,22
20,29,1,28,21,51
21,29,1,31,35,34
22,29,1,39,48,13
23,29,1,25,34,41
0,30,1,32,35,33
1,30,1,37,17,46
2,30,1,39,50,11
3,30,1,33,32,35
4,30,1,32,33,35
5,30,1,25,29,46
6,30,1,37,20,43
7,30,1,33,23,44
8,30,1,29,41,30
9,30,1,34,25,41
10,30,1,37,47,16
11,30,1,34,27,39
12,30,1,37,35,28
13,30,1,39,40,21
14,30,1,29,34,37
15,30,1,25,32,43
16,30,1,33,38,29
17,30,1,37,21,42
18,30,1,26,29,45
19,30,1,27,15,58
20,30,1,30,36,34
21,30,1,40,44,16
22,30,1,34,41,25
23,30,1,26,39,35
0,31,1,28,39,33
1,31,1,40,31,29
2,31,1,27,27,46
3,31,1,29,28,43
4,31,1,34,46,20
5,31,1,39,41,20
6,31,1,28,18,54
7,31,1,33,32,35
8,31,1,35,50,15
9,31,1,27,24,49
10,31,1,29,41,30
11,31,1,31,39,30
12,31,1,34,29,37
13,31,1,36,43,21
14,31,1,39,23,38
15,31,1,25,46,29
16,31,1,28,32,40
17,31,1,35,22,43
18,31,1,25,26,49
19,31,1,35,26,39
20,31,1,31,36,33
21,31,1,29,37,34
22,31,1,34,40,26
23,31,1,27,15,58
0,1,2,33,40,27
1,1,2,26,25,49
2,1,2,34,18,48
3,1,2,33,47,20
4,1,2,30,42,28
5,1,2,35,15,50
6,1,2,37,33,30
7,1,2,32,50,18
8,1,2,27,25,48
9,1,2,38,17,45
10,1,2,29,36,35
11,1,2,30,19,51
12,1,2,33,49,18
13,1,2,34,15,51
14,1,2,32,38,30
15,1,2,32,34,34
16,1,2,25,15,60
17,1,2,26,17,57
18,1,2,31,33,36
19,1,2,40,24,36
20,1,2,33,16,51
21,1,2,38,20,42
22,1,2,31,24,45
23,1,2,39,36,25
0,2,2,32,49,19
1,2,2,38,19,43
2,2,2,29,50,21
3,2,2,37,31,32
4,2,2,27,17,56
5,2,2,33,32,35
6,2,2,36,26,38
7,2,2,27,41,32
8,2,2,40,48,12
9,2,2,30,49,21
10,2,2,27,35,38
11,2,2,33,37,30
12,2,2,36,28,36
13,2,2,28,30,42
14,2,2,31,39,30
15,2,2,34,47,19
16,2,2,26,38,36
17,2,2,34,48,18
18,2,2,35,23,42
19,2,2,40,39,21
20,2,2,25,23,52
21,2,2,28,23,49
22,2,2,39,34,27
23,2,2,33,39,28
0,3,2,29,30,41
1,3,2,37,22,41
2,3,2,35,49,16
3,3,2,27,17,56
4,3,2,40,28,32
5,3,2,38,16,46
6,3,2,40,23,37
7,3,2,39,43,18
8,3,2,31,30,39
9,3,2,31,42,27
10,3,2,26,19,55
11,3,2,38,15,47
12,3,2,40,32,28
13,3,2,26,29,45
14,3,2,29,33,38
15,3,2,25,27,48
16,3,2,28,45,27
17,3,2,36,43,21
18,3,2,37,41,22
19,3,2,34,27,39
20,3,2,35,31,34
21,3,2,25,49,26
22,3,2,25,18,57
23,3,2,25,22,53
0,4,2,36,34,30
1,4,2,40,20,40
2,4,2,31,32,37
3,4,2,40,30,30
4,4,2,30,18,52
5,4,2,34,38,28
6,4,2,39,47,14
7,4,2,35,38,27
8,4,2,29,29,42
9,4,2,40,36,24
10,4,2,40,43,17
11,4,2,32,27,41
12,4,2,29,15,56
13,4,2,30,37,33
14,4,2,26,19,55
15,4,2,35,21,44
16,4,2,39,27,34
17,4,2,35,45,20
18,4,2,27,37,36
19,4,2,33,30,37
20,4,2,38,47,15
21,4,2,37,27,36
22,4,2,35,41,24
23,4,2,29,40,31
0,5,2,40,21,39
1,5,2,30,49,21
2,5,2,30,33,37
3,5,2,27,39,34
4,5,2,30,20,50
5,5,2,37,21,42
6,5,2,35,48,17
7,5,2,36,21,43
8,5,2,38,25,37
9,5,2,28,16,56
10,5,2,26,22,52
11,5,2,25,15,60
12,5,2,39,18,43
13,5,2,26,24,50
14,5,2,32,42,26
15,5,2,32,22,46
16,5,2,35,41,24
17,5,2,38,33,29
18,5,2,27,22,51
19,5,2,38,32,30
20,5,2,29,26,45
21,5,2,30,20,50
22,5,2,33,15,52
23,5,2,40,17,43
0,6,2,34,48,18
1,6,2,28,42,30
2,6,2,25,35,40
3,6,2,40,43,17
4,6,2,32,19,49
5,6,2,31,37,32
6,6,2,30,47,23
7,6,2,39,33,28
8,6,2,31,47,22
9,6,2,30,38,32
10,6,2,25,28,47
11,6,2,32,18,50
12,6,2,39,36,25
13,6,2,28,37,35
14,6,2,30,15,55
15,6,2,26,34,40
16,6,2,32,33,35
17,6,2,35,36,29
18,6,2,33,34,33
19,6,2,26,32,42
20,6,2,25,27,48
21,6,2,37,40,23
22,6,2,28,17,55
23,6,2,26,37,37
0,7,2,39,43,18
1,7,2,32,29,39
2,7,2,26,24,50
3,7,2,38,19,43
4,7,2,38,33,29
5,7,2,35,49,16
6,7,2,31,25,44
7,7,2,25,41,34
8,7,2,26,23,51
9,7,2,38,38,24
10,7,2,31,49,20
11,7,2,30,45,25
12,7,2,33,28,39
13,7,2,25,19,56
14,7,2,32,18,50
15,7,2,40,25,35
16,7,2,26,25,49
17,7,2,27,44,29
18,7,2,40,37,23
19,7,2,38,27,35
20,7,2,38,43,19
21,7,2,26,30,44
22,7,2,32,15,53
23,7,2,35,38,27
0,8,2,30,34,36
1,8,2,33,50,17
2,8,2,36,38,26
3,8,2,35,21,44
4,8,2,34,21,45
5,8,2,36,19,45
6,8,2,39,49,12
7,8,2,39,43,18
8,8,2,28,42,30
9,8,2,26,47,27
10,8,2,33,43,24
11,8,2,30,33,37
12,8,2,32,19,49
13,8,2,31,33,36
14,8,2,35,45,20
15,8,2,30,20,50
16,8,2,40,37,23
17,8,2,36,47,17
18,8,2,39,18,43
19,8,2,26,26,48
20,8,2,25,32,43
21,8,2,25,27,48
22,8,2,28,37,35
23,8,2,34,47,19
0,9,2,25,38,37
1,9,2,32,16,52
2,9,2,40,18,42
3,9,2,36,49,15
4,9,2,33,18,49
5,9,2,34,20,46
6,9,2,31,16,53
7,9,2,25,39,36
8,9,2,37,41,22
9,9,2,25,47,28
10,9,2,28,23,49
11,9,2,33,27,40
12,9,2,25,22,53
13,9,2,40,20,40
14,9,2,30,38,32
15,9,2,36,22,42
16,9,2,29,19,52
17,9,2,32,18,50
18,9,2,40,47,13
19,9,2,25,37,38
20,9,2,34,15,51
21,9,2,27,46,27
22,9,2,28,35,37
23,9,2,38,48,14
0,10,2,30,18,52
1,10,2,35,22,43
2,10,2,30,19,51
3,10,2,30,29,41
4,10,2,34,33,33
5,10,2,38,19,43
6,10,2,35,35,30
7,10,2,34,50,16
8,10,2,27,20,53
9,10,2,33,36,31
10,10,2,28,19,53
11,10,2,37,48,15
12,10,2,35,42,23
13,10,2,27,20,53
14,10,2,34,25,41
15,10,2,39,46,15
16,10,2,34,36,30
17,10,2,36,29,35
18,10,2,40,20,40
19,10,2,33,30,37
20,10,2,28,26,46
21,10,2,39,23,38
22,10,2,28,34,38
23,10,2,40,16,44
0,11,2,39,26,35
1,11,2,38,27,35
2,11,2,38,22,40
3,11,2,30,22,48
4,11,2,40,28,32
5,11,2,36,47,17
6,11,2,37,33,30
7,11,2,40,18,42
8,11,2,34,16,50
9,11,2,34,27,39
10,11,2,40,44,16
11,11,2,31,46,23
12,11,2,30,24,46
13,11,2,27,43,30
14,11,2,26,18,56
15,11,2,36,19,45
16,11,2,31,50,19
17,11,2,28,17,55
18,11,2,29,25,46
19,11,2,25,27,48
20,11,2,38,40,22
21,11,2,31,48,21
22,11,2,36,46,18
23,11,2,30,25,45
0,12,2,40,17,43
1,12,2,38,46,16
2,12,2,30,20,50
3,12,2,27,39,34
4,12,2,36,39,25
5,12,2,30,49,21
6,12,2,32,40,28
7,12,2,25,19,56
8,12,2,28,23,49
9,12,2,28,48,24
10,12,2,36,23,41
11,12,2,26,45,29
12,12,2,27,33,40
13,12,2,35,45,20
14,12,2,31,37,32
15,12,2,38,29,33
16,12,2,38,17,45
17,12,2,32,31,37
18,12,2,30,42,28
19,12,2,34,28,38
20,12,2,35,31,34
21,12,2,37,48,15
22,12,2,32,20,48
23,12,2,33,28,39
0,13,2,38,44,18
1,13,2,27,18,55
2,13,2,29,43,28
3,13,2,34,16,50
4,13,2,26,31,43
5,13,2,36,43,21
6,13,2,39,39,22
7,13,2,35,23,42
8,13,2,31,22,47
9,13,2,27,33,40
10,13,2,30,19,51
11,13,2,26,39,35
12,13,2,26,44,30
13,13,2,39,22,39
14,13,2,37,30,33
15,13,2,32,40,28
16,13,2,34,24,42
17,13,2,31,41,28
18,13,2,39,15,46
19,13,2,40,45,15
20,13,2,36,47,17
21,13,2,28,29,43
22,13,2,27,28,45
23,13,2,26,21,53
0,14,2,26,35,39
1,14,2,31,35,34
2,14,2,36,29,35
3,14,2,27,41,32
4,14,2,32,26,42
5,14,2,33,17,50
6,14,2,30,24,46
7,14,2,35,21,44
8,14,2,40,39,21
9,14,2,35,15,50
10,14,2,27,25,48
11,14,2,30,21,49
12,14,2,26,41,33
13,14,2,26,28,46
14,14,2,25,31,44
15,14,2,33,39,28
16,14,2,38,18,44
17,14,2,28,45,27
18,14,2,35,17,48
19,14,2,36,47,17
20,14,2,39,41,20
21,14,2,39,42,19
22,14,2,37,21,42
23,14,2,38,30,32
0,15,2,33,33,34
1,15,2,34,34,32
2,15,2,29,26,45
3,15,2,33,35,32
4,15,2,36,30,34
5,15,2,39,29,32
6,15,2,39,43,18
7,15,2,36,32,32
8,15,2,34,17,49
9,15,2,38,15,47
10,15,2,34,24,42
11,15,2,29,21,50
12,15,2,17,30,53
13,15,2,6,50,44
14,15,2,35,22,43
15,15,2,26,33,41
16,15,2,19,31,50
17,15,2,28,25,47
18,15,2,27,32,41
19,15,2,40,15,45
20,15,2,8,48,44
21,15,2,33,27,40
22,15,2,34,18,48
23,15,2,34,28,38
0,16,2,39,27,34
1,16,2,27,36,37
2,16,2,39,28,33
3,16,2,26,21,53
4,16,2,40,19,41
5,16,2,25,30,45
6,16,2,5,40,55
7,16,2,28,28,44
8,16,2,3,49,48
9,16,2,30,30,40
10,16,2,32,23,45
11,16,2,29,18,53
12,16,2,39,26,35
13,16,2,20,35,45
14,16,2,30,24,46
15,16,2,1,42,57
16,16,2,27,33,40
17,16,2,32,36,32
18,16,2,28,31,41
19,16,2,36,34,30
20,16,2,38,37,25
21,16,2,30,17,53
22,16,2,14,39,47
23,16,2,6,47,47
0,17,2,10,50,40
1,17,2,7,48,45
2,17,2,10,45,45
3,17,2,27,29,44
4,17,2,33,25,42
5,17,2,28,36,36
6,17,2,26,29,45
7,17,2,30,22,48
8,17,2,31,44,25
9,17,2,37,22,41
10,17,2,17,50,33
11,17,2,31,37,32
12,17,2,28,27,45
13,17,2,23,33,44
14,17,2,25,47,28
15,17,2,32,19,49
16,17,2,33,33,34
17,17,2,40,29,31
18,17,2,39,36,25
19,17,2,31,28,41
20,17,2,25,27,48
21,17,2,25,33,42
22,17,2,34,42,24
23,17,2,29,42,29
0,18,2,25,20,55
1,18,2,40,46,14
2,18,2,35,48,17
3,18,2,29,35,36
4,18,2,36,20,44
5,18,2,36,36,28
6,18,2,31,39,30
7,18,2,38,24,38
8,18,2,25,43,32
9,18,2,30,29,41
10,18,2,39,27,34
11,18,2,37,34,29
12,18,2,40,46,14
13,18,2,38,46,16
14,18,2,32,26,42
15,18,2,38,38,24
16,18,2,26,48,26
17,18,2,39,22,39
18,18,2,38,42,20
19,18,2,30,46,24
20,18,2,40,48,12
21,18,2,28,43,29
22,18,2,27,36,37
23,18,2,35,47,18
0,19,2,40,21,39
1,19,2,34,48,18
2,19,2,31,25,44
3,19,2,25,44,31
4,19,2,32,23,45
5,19,2,27,39,34
6,19,2,30,18,52
7,19,2,39,25,36
8,19,2,32,33,35
9,19,2,24,32,44
10,19,2,11,44,45
11,19,2,4,36,60
12,19,2,27,29,44
13,19,2,25,46,29
14,19,2,29,28,43
15,19,2,36,29,35
16,19,2,36,16,48
17,19,2,35,21,44
18,19,2,38,44,18
19,19,2,39,49,12
20,19,2,40,37,23
21,19,2,28,29,43
22,19,2,37,18,45
23,19,2,38,31,31
0,20,2,35,46,19
1,20,2,26,48,26
2,20,2,29,16,55
3,20,2,26,31,43
4,20,2,33,16,51
5,20,2,37,35,28
6,20,2,39,26,35
7,20,2,27,22,51
8,20,2,36,16,48
9,20,2,27,35,38
10,20,2,22,31,47
11,20,2,22,43,35
12,20,2,27,35,38
13,20,2,31,15,54
14,20,2,1,40,59
15,20,2,25,26,49
16,20,2,20,24,56
17,20,2,13,30,57
18,20,2,22,30,48
19,20,2,25,30,45
20,20,2,25,18,57
21,20,2,16,48,36
22,20,2,11,45,44
23,20,2,10,36,54
0,21,2,17,25,58
1,21,2,-5,49,56
2,21,2,-7,48,59
3,21,2,36,26,38
4,21,2,23,44,33
5,21,2,36,26,38
6,21,2,19,35,46
7,21,2,40,25,35
8,21,2,26,39,35
9,21,2,21,41,38
10,21,2,24,27,49
11,21,2,24,31,45
12,21,2,27,19,54
13,21,2,34,20,46
14,21,2,18,28,54
15,21,2,33,30,37
16,21,2,15,26,59
17,21,2,6,50,44
18,21,2,7,39,54
19,21,2,16,41,43
20,21,2,23,44,33
21,21,2,50,16,34
22,21,2,5,39,56
23,21,2,21,37,42
0,22,2,5,37,58
1,22,2,19,27,54
2,22,2,29,37,34
3,22,2,7,39,54
4,22,2,28,24,48
5,22,2,25,19,56
6,22,2,17,40,43
7,22,2,6,38,56
8,22,2,39,22,39
9,22,2,25,17,58
10,22,2,19,47,34
11,22,2,4,44,52
12,22,2,23,36,41
13,22,2,14,29,57
14,22,2,34,18,48
15,22,2,18,28,54
16,22,2,27,31,42
17,22,2,19,40,41
18,22,2,14,41,45
19,22,2,6,44,50
20,22,2,11,29,60
21,22,2,-8,48,60
22,22,2,4,49,47
23,22,2,20,44,36
0,23,2,6,46,48
1,23,2,12,31,57
2,23,2,34,22,44
3,23,2,16,45,39
4,23,2,9,47,44
5,23,2,5,45,50
6,23,2,18,37,45
7,23,2,18,40,42
8,23,2,13,31,56
9,23,2,27,34,39
10,23,2,13,47,40
11,23,2,17,42,41
12,23,2,30,31,39
13,23,2,44,18,38
14,23,2,36,20,44
15,23,2,24,20,56
16,23,2,31,27,42
17,23,2,41,18,41
18,23,2,18,36,46
19,23,2,26,41,33
20,23,2,24,41,35
21,23,2,31,17,52
22,23,2,24,37,39
23,23,2,16,32,52
0,24,2,30,33,37
1,24,2,18,42,40
2,24,2,26,32,42
3,24,2,44,15,41
4,24,2,31,23,46
5,24,2,32,23,45
6,24,2,8,42,50
7,24,2,23,34,43
8,24,2,29,30,41
9,24,2,27,32,41
10,24,2,25,35,40
11,24,2,27,31,42
12,24,2,33,30,37
13,24,2,29,38,33
14,24,2,47,20,33
15,24,2,20,46,34
16,24,2,22,33,45
17,24,2,27,15,58
18,24,2,14,46,40
19,24,2,17,27,56
20,24,2,14,44,42
21,24,2,19,33,48
22,24,2,42,24,34
23,24,2,25,31,44
0,25,2,9,40,51
1,25,2,27,34,39
2,25,2,15,31,54
3,25,2,7,36,57
4,25,2,32,16,52
5,25,2,27,20,53
6,25,2,28,21,51
7,25,2,-1,44,57
8,25,2,26,32,42
9,25,2,13,47,40
10,25,2,25,28,47
11,25,2,18,41,41
12,25,2,26,24,50
13,25,2,5,50,45
14,25,2,32,17,51
15,25,2,17,49,34
16,25,2,21,20,59
17,25,2,39,15,46
18,25,2,24,30,46
19,25,2,35,21,44
20,25,2,32,29,39
21,25,2,29,27,44
22,25,2,41,16,43
23,25,2,32,23,45
0,26,2,23,20,57
1,26,2,22,33,45
2,26,2,-3,49,54
3,26,2,13,47,40
4,26,2,15,30,55
5,26,2,5,35,60
6,26,2,14,33,53
7,26,2,-4,44,60
8,26,2,18,47,35
9,26,2,17,28,55
10,26,2,28,29,43
11,26,2,30,28,42
12,26,2,-5,45,60
13,26,2,24,28,48
14,26,2,28,17,55
15,26,2,31,34,35
16,26,2,37,30,33
17,26,2,9,35,56
18,26,2,18,30,52
19,26,2,15,44,41
20,26,2,37,30,33
21,26,2,32,22,46
22,26,2,12,48,40
23,26,2,26,26,48
0,27,2,20,43,37
1,27,2,19,26,55
2,27,2,8,44,48
3,27,2,21,23,56
4,27,2,19,32,49
5,27,2,18,46,36
6,27,2,26,40,34
7,27,2,25,16,59
8,27,2,1,43,56
9,27,2,22,30,48
10,27,2,41,24,35
11,27,2,-4,48,56
12,27,2,47,18,35
13,27,2,0,50,50
14,27,2,31,24,45
15,27,2,48,15,37
16,27,2,15,36,49
17,27,2,41,26,33
18,27,2,-6,47,59
19,27,2,21,21,58
20,27,2,15,26,59
21,27,2,26,36,38
22,27,2,14,40,46
23,27,2,32,31,37
0,28,2,40,24,36
1,28,2,28,16,56
2,28,2,48,19,33
3,28,2,20,41,39
4,28,2,14,50,36
5,28,2,23,41,36
6,28,2,7,39,54
7,28,2,36,20,44
8,28,2,31,36,33
9,28,2,38,22,40
10,28,2,24,27,49
11,28,2,9,34,57
12,28,2,0,40,60
13,28,2,36,15,49
14,28,2,9,47,44
15,28,2,9,44,47
16,28,2,36,29,35
17,28,2,8,35,57
18,28,2,14,35,51
19,28,2,41,24,35
20,28,2,31,24,45
21,28,2,49,16,35
22,28,2,2,38,60
23,28,2,33,32,35
0,1,3,14,47,39
1,1,3,21,22,57
2,1,3,45,20,35
3,1,3,39,21,40
4,1,3,5,36,59
5,1,3,31,18,51
6,1,3,26,27,47
7,1,3,45,16,39
8,1,3,13,49,38
9,1,3,14,35,51
10,1,3,2,49,49
11,1,3,7,50,43
12,1,3,17,44,39
13,1,3,7,39,54
14,1,3,15,34,51
15,1,3,11,37,52
16,1,3,-5,46,59
17,1,3,27,22,51
18,1,3,-6,49,57
19,1,3,1,40,59
20,1,3,45,17,38
21,1,3,18,49,33
22,1,3,31,34,35
23,1,3,18,31,51
0,2,3,6,44,50
1,2,3,31,23,46
2,2,3,30,36,34
3,2,3,6,44,50
4,2,3,8,39,53
5,2,3,28,27,45
6,2,3,20,22,58
7,2,3,45,15,40
8,2,3,46,16,38
9,2,3,36,21,43
10,2,3,33,27,40
11,2,3,28,22,50
12,2,3,21,29,50
13,2,3,35,27,38
14,2,3,23,17,60
15,2,3,34,30,36
16,2,3,8,34,58
17,2,3,23,22,55
18,2,3,15,40,45
19,2,3,12,31,57
20,2,3,21,39,40
21,2,3,33,16,51
22,2,3,15,40,45
23,2,3,0,41,59
0,3,3,7,49,44
1,3,3,14,38,48
2,3,3,13,34,53
3,3,3,22,36,42
4,3,3,4,50,46
5,3,3,24,33,43
6,3,3,20,30,50
7,3,3,1,47,52
8,3,3,36,21,43
9,3,3,13,35,52
10,3,3,44,16,40
11,3,3,1,44,55
12,3,3,13,33,54
13,3,3,23,38,39
14,3,3,11,31,58
15,3,3,3,44,53
16,3,3,1,47,52
17,3,3,-3,49,54
18,3,3,17,38,45
19,3,3,24,25,51
20,3,3,19,39,42
21,3,3,41,19,40
22,3,3,18,25,57
23,3,3,0,49,51
0,4,3,13,48,39
1,4,3,42,19,39
2,4,3,13,36,51
3,4,3,-1,44,57
4,4,3,39,21,40
5,4,3,21,24,55
6,4,3,28,26,46
7,4,3,1,46,53
8,4,3,38,23,39
9,4,3,-1,41,60
10,4,3,30,21,49
11,4,3,9,35,56
12,4,3,44,16,40
13,4,3,24,16,60
14,4,3,44,15,41
15,4,3,14,26,60
16,4,3,8,43,49
17,4,3,23,18,59
18,4,3,9,43,48
19,4,3,38,24,38
20,4,3,36,22,42
21,4,3,19,30,51
22,4,3,11,29,60
23,4,3,-4,45,59
0,5,3,21,32,47
1,5,3,29,28,43
2,5,3,22,28,50
3,5,3,16,34,50
4,5,3,13,47,40
5,5,3,24,22,54
6,5,3,31,25,44
7,5,3,24,27,49
8,5,3,0,49,51
9,5,3,41,20,39
10,5,3,22,30,48
11,5,3,18,39,43
12,5,3,25,30,45
13,5,3,-2,44,58
14,5,3,5,50,45
15,5,3,22,31,47
16,5,3,0,49,51
17,5,3,34,19,47
18,5,3,26,19,55
19,5,3,39,21,40
20,5,3,27,18,55
21,5,3,9,48,43
22,5,3,8,39,53
23,5,3,11,44,45
0,6,3,18,41,41
1,6,3,12,30,58
2,6,3,26,27,47
3,6,3,42,17,41
4,6,3,21,40,39
5,6,3,-3,45,58
6,6,3,10,38,52
7,6,3,32,19,49
8,6,3,27,16,57
9,6,3,21,30,49
10,6,3,5,44,51
11,6,3,14,27,59
12,6,3,23,31,46
13,6,3,0,48,52
14,6,3,1,42,57
15,6,3,22,31,47
16,6,3,30,27,43
17,6,3,8,44,48
18,6,3,40,18,42
19,6,3,40,19,41
20,6,3,22,35,43
21,6,3,4,48,48
22,6,3,3,38,59
23,6,3,25,19,56
0,7,3,38,19,43
1,7,3,33,21,46
2,7,3,32,20,48
3,7,3,36,26,38
4,7,3,15,26,59
5,7,3,9,34,57
6,7,3,24,22,54
7,7,3,31,23,46
8,7,3,8,35,57
9,7,3,16,35,49
10,7,3,9,42,49
11,7,3,5,39,56
12,7,3,37,21,42
13,7,3,28,31,41
14,7,3,17,26,57
15,7,3,32,18,50
16,7,3,5,50,45
17,7,3,22,21,57
18,7,3,2,40,58
19,7,3,6,49,45
20,7,3,30,19,51
21,7,3,33,22,45
22,7,3,27,27,46
23,7,3,8,47,45
0,8,3,40,22,38
1,8,3,32,20,48
2,8,3,11,44,45
3,8,3,27,16,57
4,8,3,0,45,55
5,8,3,27,29,44
6,8,3,27,28,45
7,8,3,31,16,53
8,8,3,-5,50,55
9,8,3,-2,43,59
10,8,3,6,44,50
11,8,3,18,44,38
12,8,3,7,44,49
13,8,3,-3,48,55
14,8,3,19,32,49
15,8,3,8,41,51
16,8,3,-1,49,52
17,8,3,26,35,39
18,8,3,32,16,52
19,8,3,30,15,55
20,8,3,23,30,47
21,8,3,37,24,39
22,8,3,22,39,39
23,8,3,14,44,42
0,9,3,14,34,52
1,9,3,3,37,60
2,9,3,16,29,55
3,9,3,26,34,40
4,9,3,9,38,53
5,9,3,12,33,55
6,9,3,15,28,57
7,9,3,41,18,41
8,9,3,38,20,42
9,9,3,24,24,52
10,9,3,15,42,43
11,9,3,30,18,52
12,9,3,-9,49,60
13,9,3,7,40,53
14,9,3,21,23,56
15,9,3,-4,44,60
16,9,3,33,24,43
17,9,3,11,46,43
18,9,3,9,47,44
19,9,3,19,38,43
20,9,3,20,36,44
21,9,3,10,47,43
22,9,3,5,48,47
23,9,3,31,31,38
0,10,3,16,34,50
1,10,3,-3,44,59
2,10,3,-6,50,56
3,10,3,32,25,43
4,10,3,36,17,47
5,10,3,16,24,60
6,10,3,30,31,39
7,10,3,33,27,40
8,10,3,27,33,40
9,10,3,12,37,51
10,10,3,29,33,38
11,10,3,22,31,47
12,10,3,0,46,54
13,10,3,16,25,59
14,10,3,21,39,40
15,10,3,17,34,49
16,10,3,37,15,48
17,10,3,31,25,44
18,10,3,17,27,56
19,10,3,34,20,46
20,10,3,4,39,57
21,10,3,14,28,58
22,10,3,12,30,58
23,10,3,18,25,57
0,11,3,18,41,41
1,11,3,29,32,39
2,11,3,18,41,41
3,11,3,17,37,46
4,11,3,21,25,54
5,11,3,30,30,40
6,11,3,9,48,43
7,11,3,34,21,45
8,11,3,13,48,39
9,11,3,18,29,53
10,11,3,23,20,57
11,11,3,35,17,48
12,11,3,37,17,46
13,11,3,17,27,56
14,11,3,25,35,40
15,11,3,12,39,49
16,11,3,-6,49,57
17,11,3,0,42,58
18,11,3,23,33,44
19,11,3,8,37,55
20,11,3,21,22,57
21,11,3,0,50,50
22,11,3,17,28,55
23,11,3,3,46,51
0,12,3,35,19,46
1,12,3,29,18,53
2,12,3,10,36,54
3,12,3,0,46,54
4,12,3,45,16,39
5,12,3,40,22,38
6,12,3,25,29,46
7,12,3,31,19,50
8,12,3,5,43,52
9,12,3,20,41,39
10,12,3,29,32,39
11,12,3,30,16,54
12,12,3,1,39,60
13,12,3,10,47,43
14,12,3,27,34,39
15,12,3,21,41,38
16,12,3,19,38,43
17,12,3,17,42,41
18,12,3,16,45,39
19,12,3,29,30,41
20,12,3,8,50,42
21,12,3,44,18,38
22,12,3,2,48,50
23,12,3,14,34,52
0,13,3,16,36,48
1,13,3,8,50,42
2,13,3,42,15,43
3,13,3,-4,47,57
4,13,3,31,24,45
5,13,3,28,28,44
6,13,3,19,28,53
7,13,3,37,25,38
8,13,3,27,15,58
9,13,3,21,30,49
10,13,3,12,41,47
11,13,3,2,48,50
12,13,3,14,41,45
13,13,3,12,47,41
14,13,3,13,33,54
15,13,3,24,35,41
16,13,3,16,42,42
17,13,3,0,43,57
18,13,3,32,16,52
19,13,3,22,22,56
20,13,3,5,40,55
21,13,3,38,16,46
22,13,3,12,31,57
23,13,3,36,25,39
0,14,3,26,36,38
1,14,3,26,22,52
2,14,3,1,50,49
3,14,3,43,16,41
4,14,3,23,31,46
5,14,3,27,31,42
6,14,3,33,27,40
7,14,3,9,31,60
8,14,3,26,22,52
9,14,3,28,22,50
10,14,3,26,20,54
11,14,3,-6,48,58
12,14,3,37,24,39
13,14,3,33,24,43
14,14,3,9,39,52
15,14,3,8,35,57
16,14,3,36,25,39
17,14,3,19,26,55
18,14,3,30,32,38
19,14,3,31,24,45
20,14,3,36,24,40
21,14,3,-3,46,57
22,14,3,9,34,57
23,14,3,-1,45,56
0,15,3,19,23,58
1,15,3,1,44,55
2,15,3,-3,45,58
3,15,3,9,43,48
4,15,3,27,27,46
5,15,3,-2,43,59
6,15,3,-4,50,54
7,15,3,26,33,41
8,15,3,15,31,54
9,15,3,19,31,50
10,15,3,12,39,49
11,15,3,10,42,48
12,15,3,-3,44,59
13,15,3,17,34,49
14,15,3,10,31,59
15,15,3,26,36,38
16,15,3,28,34,38
17,15,3,19,37,44
18,15,3,-4,45,59
19,15,3,0,47,53
20,15,3,3,48,49
21,15,3,27,30,43
22,15,3,16,34,50
23,15,3,33,24,43
0,16,3,7,44,49
1,16,3,26,19,55
2,16,3,3,41,56
3,16,3,11,29,60
4,16,3,33,23,44
5,16,3,11,50,39
6,16,3,35,24,41
7,16,3,4,47,49
8,16,3,7,40,53
9,16,3,-1,49,52
10,16,3,10,35,55
11,16,3,10,39,51
12,16,3,1,41,58
13,16,3,21,20,59
14,16,3,12,41,47
15,16,3,26,17,57
16,16,3,20,24,56
17,16,3,25,16,59
18,16,3,33,28,39
19,16,3,31,20,49
20,16,3,20,34,46
21,16,3,1,48,51
22,16,3,18,28,54
23,16,3,39,19,42
0,17,3,26,29,45
1,17,3,18,36,46
2,17,3,27,22,51
3,17,3,16,26,58
4,17,3,25,34,41
5,17,3,37,18,45
6,17,3,-2,49,53
7,17,3,26,32,42
8,17,3,32,22,46
9,17,3,14,30,56
10,17,3,22,21,57
11,17,3,14,32,54
12,17,3,9,37,54
13,17,3,10,36,54
14,17,3,29,25,46
15,17,3,14,31,55
16,17,3,-6,48,58
17,17,3,11,29,60
18,17,3,2,50,48
19,17,3,12,43,45
20,17,3,12,29,59
21,17,3,22,25,53
22,17,3,39,17,44
23,17,3,23,31,46
0,18,3,18,29,53
1,18,3,16,37,47
2,18,3,14,46,40
3,18,3,12,41,47
4,18,3,33,15,52
5,18,3,8,44,48
6,18,3,0,43,57
7,18,3,2,47,51
8,18,3,17,35,48
9,18,3,38,16,46
10,18,3,19,21,60
11,18,3,25,37,38
12,18,3,7,46,47
13,18,3,9,35,56
14,18,3,38,22,40
15,18,3,24,21,55
16,18,3,31,20,49
17,18,3,17,40,43
18,18,3,32,30,38
19,18,3,44,15,41
20,18,3,27,29,44
21,18,3,19,28,53
22,18,3,13,32,55
23,18,3,39,15,46
0,19,3,34,18,48
1,19,3,46,15,39
2,19,3,8,43,49
3,19,3,27,15,58
4,19,3,29,16,55
5,19,3,-2,43,59
6,19,3,19,28,53
7,19,3,28,27,45
8,19,3,42,16,42
9,19,3,18,32,50
10,19,3,19,37,44
11,19,3,-7,47,60
12,19,3,5,47,48
13,19,3,22,39,39
14,19,3,13,32,55
15,19,3,8,35,57
16,19,3,-3,43,60
17,19,3,38,19,43
18,19,3,17,37,46
19,19,3,42,19,39
20,19,3,-6,48,58
21,19,3,4,41,55
22,19,3,34,25,41
23,19,3,8,46,46
0,20,3,29,17,54
1,20,3,-7,47,60
2,20,3,-4,48,56
3,20,3,26,16,58
4,20,3,15,30,55
5,20,3,24,17,59
6,20,3,6,46,48
7,20,3,-4,48,56
8,20,3,14,47,39
9,20,3,6,34,60
10,20,3,25,20,55
11,20,3,-6,50,56
12,20,3,6,45,49
13,20,3,9,36,55
14,20,3,37,18,45
15,20,3,2,44,54
16,20,3,12,33,55
17,20,3,17,39,44
18,20,3,17,33,50
19,20,3,22,36,42
20,20,3,10,34,56
21,20,3,11,39,50
22,20,3,17,45,38
23,20,3,13,32,55
0,21,3,24,21,55
1,21,3,7,43,50
2,21,3,4,50,46
3,21,3,19,23,58
4,21,3,-8,48,60
5,21,3,25,33,42
6,21,3,36,23,41
7,21,3,6,34,60
8,21,3,30,21,49
9,21,3,2,38,60
10,21,3,28,15,57
11,21,3,13,29,58
12,21,3,22,31,47
13,21,3,23,27,50
14,21,3,1,48,51
15,21,3,5,40,55
16,21,3,12,41,47
17,21,3,25,34,41
18,21,3,31,24,45
19,21,3,23,39,38
20,21,3,39,21,40
21,21,3,14,40,46
22,21,3,-2,45,57
23,21,3,8,33,59
0,22,3,15,46,39
1,22,3,39,20,41
2,22,3,3,45,52
3,22,3,11,36,53
4,22,3,10,39,51
5,22,3,17,42,41
6,22,3,1,50,49
7,22,3,26,36,38
8,22,3,-8,50,58
9,22,3,15,46,39
10,22,3,16,43,41
11,22,3,29,31,40
12,22,3,38,18,44
13,22,3,5,44,51
14,22,3,35,16,49
15,22,3,8,32,60
16,22,3,17,39,44
17,22,3,26,33,41
18,22,3,31,23,46
19,22,3,2,38,60
20,22,3,22,38,40
21,22,3,15,40,45
22,22,3,12,35,53
23,22,3,29,26,45
0,23,3,21,26,53
1,23,3,26,29,45
2,23,3,3,41,56
3,23,3,16,26,58
4,23,3,36,19,45
5,23,3,22,40,38
6,23,3,9,32,59
7,23,3,22,18,60
8,23,3,6,36,58
9,23,3,36,23,41
10,23,3,27,18,55
11,23,3,11,37,52
12,23,3,34,19,47
13,23,3,18,23,59
14,23,3,13,35,52
15,23,3,35,21,44
16,23,3,22,34,44
17,23,3,24,34,42
18,23,3,35,27,38
19,23,3,19,39,42
20,23,3,6,41,53
21,23,3,34,18,48
22,23,3,4,37,59
23,23,3,16,42,42
0,24,3,25,22,53
1,24,3,27,27,46
2,24,3,28,22,50
3,24,3,-8,50,58
4,24,3,-4,44,60
5,24,3,18,22,60
6,24,3,21,30,49
7,24,3,21,27,52
8,24,3,22,21,57
9,24,3,18,35,47
10,24,3,-1,50,51
11,24,3,0,45,55
12,24,3,-3,47,56
13,24,3,5,36,59
14,24,3,22,28,50
15,24,3,9,37,54
16,24,3,14,36,50
17,24,3,15,42,43
18,24,3,8,37,55
19,24,3,4,37,59
20,24,3,10,31,59
21,24,3,3,42,55
22,24,3,2,41,57
23,24,3,29,18,53
0,25,3,17,25,58
1,25,3,25,34,41
2,25,3,30,28,42
3,25,3,11,43,46
4,25,3,15,46,39
5,25,3,20,33,47
6,25,3,4,41,55
7,25,3,15,47,38
8,25,3,14,31,55
9,25,3,43,17,40
10,25,3,27,33,40
11,25,3,32,30,38
12,25,3,-1,48,53
13,25,3,0,41,59
14,25,3,23,37,40
15,25,3,23,27,50
16,25,3,6,37,57
17,25,3,-8,48,60
18,25,3,26,34,40
19,25,3,24,32,44
20,25,3,37,22,41
21,25,3,0,43,57
22,25,3,23,39,38
23,25,3,-2,47,55
0,26,3,42,16,42
1,26,3,-2,50,52
2,26,3,39,19,42
3,26,3,22,33,45
4,26,3,2,38,60
5,26,3,5,44,51
6,26,3,18,34,48
7,26,3,28,25,47
8,26,3,4,41,55
9,26,3,7,34,59
10,26,3,12,48,40
11,26,3,36,16,48
12,26,3,9,35,56
13,26,3,26,17,57
14,26,3,14,48,38
15,26,3,20,32,48
16,26,3,13,35,52
17,26,3,35,27,38
18,26,3,19,23,58
19,26,3,-5,47,58
20,26,3,22,20,58
21,26,3,36,25,39
22,26,3,7,49,44
23,26,3,20,35,45
0,27,3,24,21,55
1,27,3,6,36,58
2,27,3,31,28,41
3,27,3,17,38,45
4,27,3,13,39,48
5,27,3,27,16,57
6,27,3,20,36,44
7,27,3,22,29,49
8,27,3,2,38,60
9,27,3,5,36,59
10,27,3,13,32,55
11,27,3,14,28,58
12,27,3,8,40,52
13,27,3,7,50,43
14,27,3,5,44,51
15,27,3,22,36,42
16,27,3,5,47,48
17,27,3,22,32,46
18,27,3,12,37,51
19,27,3,14,35,51
20,27,3,24,19,57
21,27,3,25,32,43
22,27,3,15,27,58
23,27,3,5,44,51
0,28,3,41,17,42
1,28,3,29,25,46
2,28,3,27,34,39
3,28,3,24,23,53
4,28,3,8,38,54
5,28,3,25,26,49
6,28,3,19,41,40
7,28,3,16,45,39
8,28,3,35,25,40
9,28,3,43,19,38
10,28,3,25,19,56
11,28,3,40,21,39
12,28,3,9,36,55
13,28,3,1,47,52
14,28,3,39,19,42
15,28,3,25,34,41
16,28,3,7,50,43
17,28,3,33,25,42
18,28,3,11,49,40
19,28,3,14,35,51
20,28,3,22,19,59
21,28,3,26,18,56
22,28,3,35,22,43
23,28,3,30,26,44
0,29,3,26,28,46
1,29,3,4,49,47
2,29,3,35,18,47
3,29,3,19,24,57
4,29,3,18,42,40
5,29,3,20,42,38
6,29,3,17,44,39
7,29,3,35,20,45
8,29,3,32,26,42
9,29,3,24,36,40
10,29,3,23,24,53
11,29,3,33,28,39
12,29,3,21,29,50
13,29,3,27,21,52
14,29,3,35,19,46
15,29,3,5,37,58
16,29,3,14,35,51
17,29,3,24,26,50
18,29,3,20,40,40
19,29,3,3,39,58
20,29,3,16,34,50
21,29,3,15,28,57
22,29,3,12,28,60
23,29,3,30,17,53
0,30,3,10,30,60
1,30,3,15,36,49
2,30,3,23,28,49
3,30,3,7,46,47
4,30,3,9,42,49
5,30,3,14,26,60
6,30,3,43,15,42
7,30,3,17,32,51
8,30,3,16,27,57
9,30,3,11,37,52
10,30,3,-5,46,59
11,30,3,15,30,55
12,30,3,25,20,55
13,30,3,14,33,53
14,30,3,31,17,52
15,30,3,34,24,42
16,30,3,21,34,45
17,30,3,18,36,46
18,30,3,43,15,42
19,30,3,30,31,39
20,30,3,0,45,55
21,30,3,13,27,60
22,30,3,24,22,54
23,30,3,23,30,47
0,31,3,10,47,43
1,31,3,43,15,42
2,31,3,36,22,42
3,31,3,23,34,43
4,31,3,11,50,39
5,31,3,8,32,60
6,31,3,19,40,41
7,31,3,8,50,42
8,31,3,21,25,54
9,31,3,18,29,53
10,31,3,5,37,58
11,31,3,12,33,55
12,31,3,27,24,49
13,31,3,15,33,52
14,31,3,26,24,50
15,31,3,-8,48,60
16,31,3,0,44,56
17,31,3,12,38,50
18,31,3,17,26,57
19,31,3,28,20,52
20,31,3,0,40,60
21,31,3,7,36,57
22,31,3,14,43,43
23,31,3,40,15,45
0,1,4,36,18,46
1,1,4,18,44,38
2,1,4,2,48,50
3,1,4,-3,50,53
4,1,4,19,36,45
5,1,4,19,27,54
6,1,4,22,34,44
7,1,4,36,24,40
8,1,4,3,41,56
9,1,4,28,15,57
10,1,4,6,35,59
11,1,4,16,35,49
12,1,4,33,16,51
13,1,4,17,35,48
14,1,4,15,34,51
15,1,4,10,44,46
16,1,4,23,20,57
17,1,4,32,23,45
18,1,4,22,31,47
19,1,4,23,23,54
20,1,4,27,24,49
21,1,4,28,22,50
22,1,4,1,45,54
23,1,4,12,49,39
0,2,4,36,17,47
1,2,4,2,48,50
2,2,4,24,18,58
3,2,4,21,23,56
4,2,4,11,48,41
5,2,4,18,43,39
6,2,4,18,27,55
7,2,4,36,23,41
8,2,4,28,33,39
9,2,4,-2,50,52
10,2,4,23,35,42
11,2,4,11,48,41
12,2,4,28,19,53
13,2,4,25,30,45
14,2,4,4,39,57
15,2,4,31,19,50
16,2,4,36,20,44
17,2,4,16,44,40
18,2,4,-8,48,60
19,2,4,42,18,40
20,2,4,30,21,49
21,2,4,17,26,57
22,2,4,22,18,60
23,2,4,32,16,52
0,3,4,32,16,52
1,3,4,24,18,58
2,3,4,-6,47,59
3,3,4,11,46,43
4,3,4,21,39,40
5,3,4,43,16,41
6,3,4,8,36,56
7,3,4,28,21,51
8,3,4,3,42,55
9,3,4,4,49,47
10,3,4,35,17,48
11,3,4,24,23,53
12,3,4,32,25,43
13,3,4,29,26,45
14,3,4,-3,49,54
15,3,4,5,36,59
16,3,4,17,43,40
17,3,4,27,15,58
18,3,4,43,17,40
19,3,4,24,31,45
20,3,4,24,31,45
21,3,4,20,31,49
22,3,4,10,48,42
23,3,4,15,30,55
0,4,4,37,20,43
1,4,4,1,45,54
2,4,4,20,25,55
3,4,4,31,17,52
4,4,4,32,18,50
5,4,4,40,20,40
6,4,4,2,39,59
7,4,4,13,36,51
8,4,4,-2,46,56
9,4,4,23,34,43
10,4,4,38,19,43
11,4,4,24,30,46
12,4,4,35,26,39
13,4,4,17,30,53
14,4,4,4,47,49
15,4,4,14,38,48
16,4,4,4,37,59
17,4,4,-5,46,59
18,4,4,19,24,57
19,4,4,-5,50,55
20,4,4,43,19,38
21,4,4,30,19,51
22,4,4,8,42,50
23,4,4,16,37,47
0,5,4,23,27,50
1,5,4,31,21,48
2,5,4,12,44,44
3,5,4,10,49,41
4,5,4,37,22,41
5,5,4,4,45,51
6,5,4,6,34,60
7,5,4,5,39,56
8,5,4,40,15,45
9,5,4,30,21,49
10,5,4,31,21,48
11,5,4,17,24,59
12,5,4,28,30,42
13,5,4,19,36,45
14,5,4,6,34,60
15,5,4,33,26,41
16,5,4,26,32,42
17,5,4,16,31,53
18,5,4,14,42,44
19,5,4,8,41,51
20,5,4,38,17,45
21,5,4,13,40,47
22,5,4,16,43,41
23,5,4,16,43,41
0,6,4,30,24,46
1,6,4,15,33,52
2,6,4,0,42,58
3,6,4,40,15,45
4,6,4,18,33,49
5,6,4,14,34,52
6,6,4,4,42,54
7,6,4,45,16,39
8,6,4,29,27,44
9,6,4,14,43,43
10,6,4,10,47,43
11,6,4,18,42,40
12,6,4,25,37,38
13,6,4,31,21,48
14,6,4,3,46,51
15,6,4,10,30,60
16,6,4,36,23,41
17,6,4,26,28,46
18,6,4,31,28,41
19,6,4,10,31,59
20,6,4,-2,43,59
21,6,4,16,24,60
22,6,4,34,24,42
23,6,4,-6,50,56
0,7,4,8,38,54
1,7,4,20,21,59
2,7,4,31,29,40
3,7,4,18,44,38
4,7,4,38,21,41
5,7,4,14,45,41
6,7,4,32,21,47
7,7,4,32,16,52
8,7,4,20,21,59
9,7,4,16,25,59
10,7,4,15,43,42
11,7,4,-5,49,56
12,7,4,13,46,41
13,7,4,2,38,60
14,7,4,19,38,43
15,7,4,28,24,48
16,7,4,22,33,45
17,7,4,2,49,49
18,7,4,13,37,50
19,7,4,3,40,57
20,7,4,10,48,42
21,7,4,20,39,41
22,7,4,15,34,51
23,7,4,10,40,50
0,8,4,22,22,56
1,8,4,33,25,42
2,8,4,31,27,42
3,8,4,46,16,38
4,8,4,-7,50,57
5,8,4,27,27,46
6,8,4,5,45,50
7,8,4,8,39,53
8,8,4,33,28,39
9,8,4,22,34,44
10,8,4,35,18,47
11,8,4,34,24,42
12,8,4,4,45,51
13,8,4,0,46,54
14,8,4,28,22,50
15,8,4,23,21,56
16,8,4,28,33,39
17,8,4,11,31,58
18,8,4,9,31,60
19,8,4,26,26,48
20,8,4,24,31,45
21,8,4,19,25,56
22,8,4,16,45,39
23,8,4,32,15,53
0,9,4,6,40,54
1,9,4,11,42,47
2,9,4,37,17,46
3,9,4,21,35,44
4,9,4,37,19,44
5,9,4,22,28,50
6,9,4,31,20,49
7,9,4,36,17,47
8,9,4,15,32,53
9,9,4,10,45,45
10,9,4,26,26,48
11,9,4,-1,44,57
12,9,4,-6,47,59
13,9,4,8,43,49
14,9,4,16,32,52
15,9,4,3,42,55
16,9,4,29,29,42
17,9,4,31,15,54
18,9,4,29,25,46
19,9,4,16,42,42
20,9,4,28,29,43
21,9,4,25,23,52
22,9,4,7,42,51
23,9,4,23,26,51
0,10,4,15,34,51
1,10,4,12,36,52
2,10,4,-4,44,60
3,10,4,29,27,44
4,10,4,10,50,40
5,10,4,39,22,39
6,10,4,37,22,41
7,10,4,32,16,52
8,10,4,2,46,52
9,10,4,35,47,18
10,10,4,49,33,18
11,10,4,37,45,18
12,10,4,62,20,18
13,10,4,38,44,18
14,10,4,39,43,18
15,10,4,54,28,18
16,10,4,37,45,18
17,10,4,32,50,18
18,10,4,51,31,18
19,10,4,35,47,18
20,10,4,38,15,47
21,10,4,25,38,37
22,10,4,36,16,48
23,10,4,36,17,47
0,11,4,26,41,33
1,11,4,28,30,42
2,11,4,29,31,40
3,11,4,30,36,34
4,11,4,30,35,35
5,11,4,27,47,26
6,11,4,27,24,49
7,11,4,37,45,18
8,11,4,30,32,38
9,11,4,36,49,15
10,11,4,26,26,48
11,11,4,31,24,45
12,11,4,37,26,37
13,11,4,36,17,47
14,11,4,31,15,54
15,11,4,25,45,30
16,11,4,26,24,50
17,11,4,36,49,15
18,11,4,30,37,33
19,11,4,29,39,32
20,11,4,31,46,23
21,11,4,37,33,30
22,11,4,33,43,24
23,11,4,28,45,27
0,12,4,31,29,40
1,12,4,40,35,25
2,12,4,39,25,36
3,12,4,37,42,21
4,12,4,37,27,36
5,12,4,26,37,37
6,12,4,37,17,46
7,12,4,27,20,53
8,12,4,25,29,46
9,12,4,35,19,46
10,12,4,29,15,56
11,12,4,39,17,44
12,12,4,28,50,22
13,12,4,25,44,31
14,12,4,38,20,42
15,12,4,25,35,40
16,12,4,34,41,25
17,12,4,37,35,28
18,12,4,40,16,44
19,12,4,40,39,21
20,12,4,35,41,24
21,12,4,29,16,55
22,12,4,26,20,54
23,12,4,25,30,45
0,13,4,31,47,22
1,13,4,32,49,19
2,13,4,35,42,23
3,13,4,28,47,25
4,13,4,26,15,59
5,13,4,26,27,47
6,13,4,38,22,40
7,13,4,29,39,32
8,13,4,28,15,57
9,13,4,35,35,30
10,13,4,33,31,36
11,13,4,39,29,32
12,13,4,33,20,47
13,13,4,40,19,41
14,13,4,32,43,25
15,13,4,29,37,34
16,13,4,34,33,33
17,13,4,37,33,30
18,13,4,27,19,54
19,13,4,31,20,49
20,13,4,26,35,39
21,13,4,36,31,33
22,13,4,37,23,40
23,13,4,29,31,40
0,14,4,28,33,39
1,14,4,38,50,12
2,14,4,40,21,39
3,14,4,35,17,48
4,14,4,32,21,47
5,14,4,32,41,27
6,14,4,36,19,45
7,14,4,32,39,29
8,14,4,39,43,18
9,14,4,28,15,57
10,14,4,34,45,21
11,14,4,31,19,50
12,14,4,35,45,20
13,14,4,33,35,32
14,14,4,33,21,46
15,14,4,26,29,45
16,14,4,30,28,42
17,14,4,40,38,22
18,14,4,39,25,36
19,14,4,27,31,42
20,14,4,28,50,22
21,14,4,37,39,24
22,14,4,39,32,29
23,14,4,32,27,41
0,15,4,36,35,29
1,15,4,28,27,45
2,15,4,25,27,48
3,15,4,30,18,52
4,15,4,38,40,22
5,15,4,32,17,51
6,15,4,33,31,36
7,15,4,34,36,30
8,15,4,32,29,39
9,15,4,34,47,19
10,15,4,26,15,59
11,15,4,31,45,24
12,15,4,35,43,22
13,15,4,31,19,50
14,15,4,37,47,16
15,15,4,28,43,29
16,15,4,32,44,24
17,15,4,25,21,54
18,15,4,32,24,44
19,15,4,29,30,41
20,15,4,32,21,47
21,15,4,26,41,33
22,15,4,35,27,38
23,15,4,25,43,32
0,16,4,31,41,28
1,16,4,40,26,34
2,16,4,26,44,30
3,16,4,39,50,11
4,16,4,30,31,39
5,16,4,31,32,37
6,16,4,35,16,49
7,16,4,32,23,45
8,16,4,38,18,44
9,16,4,37,30,33
10,16,4,36,32,32
11,16,4,40,43,17
12,16,4,29,39,32
13,16,4,30,37,33
14,16,4,39,20,41
15,16,4,34,37,29
16,16,4,28,17,55
17,16,4,36,49,15
18,16,4,39,16,45
19,16,4,33,43,24
20,16,4,35,41,24
21,16,4,33,33,34
22,16,4,33,20,47
23,16,4,34,48,18
0,17,4,36,30,34
1,17,4,36,27,37
2,17,4,27,15,58
3,17,4,38,33,29
4,17,4,36,39,25
5,17,4,36,27,37
6,17,4,25,22,53
7,17,4,33,44,23
8,17,4,30,27,43
9,17,4,29,22,49
10,17,4,25,16,59
11,17,4,32,34,34
12,17,4,34,39,27
13,17,4,26,38,36
14,17,4,25,45,30
15,17,4,33,44,23
16,17,4,39,46,15
17,17,4,28,46,26
18,17,4,31,30,39
19,17,4,27,16,57
20,17,4,31,18,51
21,17,4,31,39,30
22,17,4,31,32,37
23,17,4,32,37,31
0,18,4,25,25,50
1,18,4,36,30,34
2,18,4,28,20,52
3,18,4,26,24,50
4,18,4,33,34,33
5,18,4,30,23,47
6,18,4,32,23,45
7,18,4,35,30,35
8,18,4,26,32,42
9,18,4,26,28,46
10,18,4,33,44,23
11,18,4,34,20,46
12,18,4,37,47,16
13,18,4,27,38,35
14,18,4,32,44,24
15,18,4,32,35,33
16,18,4,37,25,38
17,18,4,35,22,43
18,18,4,37,46,17
19,18,4,31,38,31
20,18,4,37,16,47
21,18,4,31,47,22
22,18,4,40,38,22
23,18,4,27,47,26
0,19,4,25,34,41
1,19,4,32,16,52
2,19,4,33,21,46
3,19,4,36,18,46
4,19,4,40,47,13
5,19,4,26,43,31
6,19,4,27,49,24
7,19,4,27,27,46
8,19,4,38,33,29
9,19,4,26,16,58
10,19,4,26,25,49
11,19,4,34,42,24
12,19,4,31,19,50
13,19,4,25,27,48
14,19,4,32,44,24
15,19,4,37,43,20
16,19,4,30,17,53
17,19,4,31,19,50
18,19,4,33,45,22
19,19,4,38,48,14
20,19,4,40,15,45
21,19,4,32,42,26
22,19,4,30,17,53
23,19,4,28,28,44
0,20,4,29,29,42
1,20,4,27,38,35
2,20,4,39,47,14
3,20,4,27,35,38
4,20,4,37,25,38
5,20,4,28,35,37
6,20,4,37,45,18
7,20,4,34,28,38
8,20,4,29,24,47
9,20,4,40,31,29
10,20,4,28,24,48
11,20,4,35,36,29
12,20,4,33,15,52
13,20,4,37,48,15
14,20,4,35,41,24
15,20,4,38,19,43
16,20,4,34,47,19
17,20,4,40,50,10
18,20,4,30,29,41
19,20,4,40,20,40
20,20,4,34,39,27
21,20,4,38,20,42
22,20,4,29,27,44
23,20,4,29,38,33
0,21,4,33,47,20
1,21,4,36,15,49
2,21,4,31,35,34
3,21,4,25,23,52
4,21,4,33,18,49
5,21,4,31,36,33
6,21,4,33,25,42
7,21,4,33,43,24
8,21,4,37,50,13
9,21,4,25,29,46
10,21,4,36,48,16
11,21,4,30,34,36
12,21,4,40,31,29
13,21,4,26,33,41
14,21,4,33,23,44
15,21,4,36,37,27
16,21,4,32,38,30
17,21,4,36,46,18
18,21,4,38,28,34
19,21,4,27,30,43
20,21,4,38,17,45
21,21,4,31,34,35
22,21,4,37,26,37
23,21,4,33,42,25
0,22,4,34,45,21
1,22,4,28,45,27
2,22,4,36,30,34
3,22,4,25,20,55
4,22,4,39,33,28
5,22,4,36,44,20
6,22,4,34,27,39
7,22,4,38,49,13
8,22,4,39,19,42
9,22,4,30,46,24
10,22,4,40,40,20
11,22,4,28,28,44
12,22,4,34,36,30
13,22,4,31,19,50
14,22,4,27,22,51
15,22,4,32,36,32
16,22,4,30,45,25
17,22,4,36,35,29
18,22,4,28,26,46
19,22,4,31,45,24
20,22,4,31,45,24
21,22,4,27,29,44
22,22,4,28,35,37
23,22,4,33,44,23
0,23,4,32,24,44
1,23,4,37,20,43
2,23,4,27,16,57
3,23,4,39,20,41
4,23,4,35,43,22
5,23,4,34,31,35
6,23,4,37,26,37
7,23,4,36,50,14
8,23,4,31,17,52
9,23,4,34,22,44
10,23,4,34,39,27
11,23,4,37,39,24
12,23,4,29,48,23
13,23,4,31,27,42
14,23,4,37,25,38
15,23,4,39,42,19
16,23,4,38,28,34
17,23,4,27,21,52
18,23,4,40,23,37
19,23,4,31,32,37
20,23,4,32,40,28
21,23,4,34,29,37
22,23,4,40,43,17
23,23,4,37,18,45
0,24,4,27,25,48
1,24,4,32,16,52
2,24,4,35,45,20
3,24,4,27,29,44
4,24,4,32,15,53
5,24,4,26,48,26
6,24,4,32,28,40
7,24,4,31,35,34
8,24,4,29,20,51
9,24,4,29,25,46
10,24,4,27,40,33
11,24,4,37,24,39
12,24,4,37,28,35
13,24,4,29,24,47
14,24,4,28,45,27
15,24,4,36,35,29
16,24,4,40,27,33
17,24,4,27,45,28
18,24,4,28,15,57
19,24,4,33,26,41
20,24,4,38,31,31
21,24,4,35,16,49
22,24,4,39,19,42
23,24,4,36,42,22
0,25,4,31,23,46
1,25,4,25,40,35
2,25,4,32,42,26
3,25,4,39,33,28
4,25,4,33,46,21
5,25,4,39,49,12
6,25,4,28,23,49
7,25,4,31,25,44
8,25,4,25,24,51
9,25,4,28,46,26
10,25,4,40,50,10
11,25,4,39,24,37
12,25,4,28,42,30
13,25,4,35,43,22
14,25,4,27,25,48
15,25,4,27,50,23
16,25,4,28,18,54
17,25,4,31,45,24
18,25,4,28,32,40
19,25,4,27,50,23
20,25,4,30,16,54
21,25,4,39,38,23
22,25,4,31,15,54
23,25,4,40,46,14
0,26,4,40,20,40
1,26,4,27,47,26
2,26,4,35,27,38
3,26,4,32,24,44
4,26,4,35,38,27
5,26,4,38,33,29
6,26,4,32,48,20
7,26,4,38,26,36
8,26,4,29,20,51
9,26,4,39,18,43
10,26,4,26,19,55
11,26,4,33,24,43
12,26,4,39,38,23
13,26,4,36,24,40
14,26,4,29,47,24
15,26,4,33,18,49
16,26,4,30,20,50
17,26,4,39,25,36
18,26,4,39,27,34
19,26,4,25,30,45
20,26,4,33,24,43
21,26,4,36,32,32
22,26,4,25,44,31
23,26,4,32,22,46
0,27,4,38,26,36
1,27,4,25,41,34
2,27,4,39,33,28
3,27,4,39,18,43
4,27,4,35,22,43
5,27,4,37,36,27
6,27,4,36,38,26
7,27,4,38,45,17
8,27,4,37,49,14
9,27,4,40,23,37
10,27,4,35,48,17
11,27,4,35,31,34
12,27,4,25,33,42
13,27,4,29,46,25
14,27,4,40,22,38
15,27,4,31,27,42
16,27,4,26,17,57
17,27,4,38,41,21
18,27,4,40,17,43
19,27,4,39,49,12
20,27,4,30,42,28
21,27,4,39,19,42
22,27,4,32,43,25
23,27,4,26,39,35
0,28,4,34,50,16
1,28,4,39,31,30
2,28,4,32,33,35
3,28,4,39,17,44
4,28,4,36,32,32
5,28,4,26,50,24
6,28,4,28,30,42
7,28,4,32,21,47
8,28,4,27,31,42
9,28,4,37,28,35
10,28,4,35,48,17
11,28,4,31,49,20
12,28,4,38,44,18
13,28,4,35,19,46
14,28,4,34,34,32
15,28,4,32,50,18
16,28,4,40,23,37
17,28,4,39,39,22
18,28,4,39,15,46
19,28,4,31,49,20
20,28,4,25,29,46
21,28,4,29,49,22
22,28,4,34,39,27
23,28,4,25,46,29
0,29,4,31,32,37
1,29,4,27,48,25
2,29,4,34,19,47
3,29,4,33,44,23
4,29,4,32,22,46
5,29,4,28,46,26
6,29,4,31,19,50
7,29,4,39,29,32
8,29,4,28,38,34
9,29,4,30,41,29
10,29,4,26,46,28
11,29,4,35,17,48
12,29,4,26,47,27
13,29,4,30,48,22
14,29,4,26,22,52
15,29,4,39,32,29
16,29,4,36,45,19
17,29,4,25,41,34
18,29,4,25,39,36
19,29,4,34,19,47
20,29,4,33,49,18
21,29,4,33,23,44
22,29,4,38,39,23
23,29,4,27,27,46
0,30,4,38,38,24
1,30,4,35,42,23
2,30,4,28,37,35
3,30,4,27,39,34
4,30,4,28,17,55
5,30,4,25,22,53
6,30,4,38,19,43
7,30,4,29,19,52
8,30,4,40,50,10
9,30,4,32,46,22
10,30,4,37,49,14
11,30,4,32,17,51
12,30,4,33,48,19
13,30,4,27,48,25
14,30,4,25,43,32
15,30,4,38,48,14
16,30,4,27,48,25
17,30,4,38,28,34
18,30,4,38,20,42
19,30,4,36,50,14
20,30,4,37,31,32
21,30,4,36,31,33
22,30,4,37,38,25
23,30,4,32,48,20
0,1,5,27,37,36
1,1,5,33,50,17
2,1,5,40,22,38
3,1,5,40,29,31
4,1,5,32,21,47
5,1,5,30,37,33
6,1,5,35,24,41
7,1,5,31,34,35
8,1,5,39,37,24
9,1,5,28,17,55
10,1,5,35,31,34
11,1,5,27,21,52
12,1,5,31,29,40
13,1,5,39,21,40
14,1,5,27,40,33
15,1,5,35,38,27
16,1,5,34,20,46
17,1,5,36,43,21
18,1,5,28,44,28
19,1,5,27,21,52
20,1,5,30,38,32
21,1,5,26,46,28
22,1,5,38,46,16
23,1,5,34,43,23
0,2,5,27,50,23
1,2,5,31,45,24
2,2,5,40,47,13
3,2,5,29,29,42
4,2,5,29,34,37
5,2,5,34,30,36
6,2,5,32,24,44
7,2,5,25,27,48
8,2,5,40,39,21
9,2,5,31,27,42
10,2,5,36,39,25
11,2,5,39,30,31
12,2,5,28,21,51
13,2,5,36,37,27
14,2,5,34,26,40
15,2,5,39,15,46
16,2,5,38,35,27
17,2,5,25,21,54
18,2,5,27,47,26
19,2,5,34,49,17
20,2,5,27,44,29
21,2,5,31,46,23
22,2,5,34,48,18
23,2,5,36,35,29
0,3,5,37,33,30
1,3,5,38,31,31
2,3,5,31,37,32
3,3,5,36,15,49
4,3,5,25,32,43
5,3,5,28,27,45
6,3,5,25,41,34
7,3,5,36,34,30
8,3,5,33,18,49
9,3,5,25,34,41
10,3,5,36,39,25
11,3,5,33,25,42
12,3,5,40,28,32
13,3,5,39,33,28
14,3,5,40,25,35
15,3,5,38,39,23
16,3,5,32,34,34
17,3,5,34,33,33
18,3,5,32,38,30
19,3,5,33,29,38
20,3,5,29,32,39
21,3,5,34,28,38
22,3,5,25,46,29
23,3,5,40,44,16
0,4,5,35,48,17
1,4,5,34,49,17
2,4,5,35,48,17
3,4,5,26,17,57
4,4,5,30,27,43
5,4,5,35,18,47
6,4,5,27,39,34
7,4,5,39,47,14
8,4,5,36,21,43
9,4,5,40,44,16
10,4,5,40,17,43
11,4,5,30,25,45
12,4,5,30,37,33
13,4,5,40,26,34
14,4,5,30,25,45
15,4,5,33,33,34
16,4,5,36,34,30
17,4,5,33,25,42
18,4,5,32,26,42
19,4,5,28,24,48
20,4,5,29,24,47
21,4,5,40,17,43
22,4,5,29,21,50
23,4,5,37,35,28
0,5,5,37,39,24
1,5,5,37,15,48
2,5,5,36,41,23
3,5,5,25,43,32
4,5,5,38,18,44
5,5,5,34,35,31
6,5,5,38,29,33
7,5,5,25,30,45
8,5,5,25,18,57
9,5,5,37,49,14
10,5,5,33,48,19
11,5,5,33,42,25
12,5,5,31,26,43
13,5,5,28,44,28
14,5,5,39,17,44
15,5,5,37,31,32
16,5,5,40,35,25
17,5,5,26,47,27
18,5,5,29,35,36
19,5,5,30,37,33
20,5,5,25,33,42
21,5,5,27,20,53
22,5,5,34,40,26
23,5,5,35,50,15
0,6,5,27,28,45
1,6,5,40,26,34
2,6,5,29,49,22
3,6,5,39,38,23
4,6,5,29,21,50
5,6,5,25,31,44
6,6,5,36,15,49
7,6,5,26,35,39
8,6,5,35,49,16
9,6,5,38,22,40
10,6,5,26,30,44
11,6,5,31,40,29
12,6,5,25,33,42
13,6,5,36,27,37
14,6,5,25,37,38
15,6,5,35,21,44
16,6,5,37,47,16
17,6,5,27,21,52
18,6,5,31,43,26
19,6,5,35,33,32
20,6,5,25,28,47
21,6,5,28,20,52
22,6,5,32,41,27
23,6,5,36,50,14
0,7,5,34,46,20
1,7,5,28,38,34
2,7,5,27,41,32
3,7,5,39,23,38
4,7,5,36,19,45
5,7,5,25,22,53
6,7,5,36,41,23
7,7,5,31,47,22
8,7,5,32,40,28
9,7,5,25,20,55
10,7,5,37,46,17
11,7,5,35,43,22
12,7,5,31,22,47
13,7,5,29,15,56
14,7,5,29,50,21
15,7,5,35,45,20
16,7,5,37,16,47
17,7,5,28,28,44
18,7,5,38,45,17
19,7,5,26,22,52
20,7,5,38,28,34
21,7,5,27,45,28
22,7,5,40,46,14
23,7,5,30,46,24
0,8,5,40,26,34
1,8,5,25,31,44
2,8,5,38,44,18
3,8,5,25,20,55
4,8,5,32,50,18
5,8,5,36,41,23
6,8,5,37,26,37
7,8,5,28,45,27
8,8,5,38,31,31
9,8,5,28,35,37
10,8,5,32,17,51
11,8,5,33,30,37
12,8,5,35,16,49
13,8,5,27,44,29
14,8,5,36,15,49
15,8,5,29,50,21
16,8,5,37,42,21
17,8,5,33,25,42
18,8,5,34,41,25
19,8,5,40,47,13
20,8,5,31,16,53
21,8,5,28,44,28
22,8,5,31,24,45
23,8,5,31,19,50
0,9,5,27,41,32
1,9,5,27,27,46
2,9,5,34,44,22
3,9,5,31,41,28
4,9,5,39,43,18
5,9,5,28,37,35
6,9,5,38,33,29
7,9,5,25,21,54
8,9,5,35,42,23
9,9,5,34,32,34
10,9,5,29,22,49
11,9,5,40,43,17
12,9,5,25,17,58
13,9,5,27,39,34
14,9,5,28,36,36
15,9,5,35,33,32
16,9,5,26,40,34
17,9,5,35,48,17
18,9,5,39,18,43
19,9,5,28,19,53
20,9,5,28,47,25
21,9,5,26,20,54
22,9,5,34,40,26
23,9,5,32,29,39
0,10,5,27,19,54
1,10,5,26,16,58
2,10,5,34,45,21
3,10,5,34,45,21
4,10,5,26,18,56
5,10,5,26,44,30
6,10,5,34,16,50
7,10,5,36,37,27
8,10,5,28,46,26
9,10,5,33,38,29
10,10,5,32,17,51
11,10,5,31,21,48
12,10,5,30,40,30
13,10,5,40,36,24
14,10,5,27,20,53
15,10,5,29,17,54
16,10,5,25,21,54
17,10,5,32,32,36
18,10,5,39,49,12
19,10,5,32,32,36
20,10,5,36,35,29
21,10,5,29,29,42
22,10,5,25,46,29
23,10,5,25,27,48
0,11,5,25,28,47
1,11,5,39,32,29
2,11,5,33,17,50
3,11,5,25,25,50
4,11,5,31,47,22
5,11,5,25,45,30
6,11,5,33,22,45
7,11,5,30,30,40
8,11,5,40,27,33
9,11,5,40,36,24
10,11,5,40,41,19
11,11,5,39,27,34
12,11,5,30,38,32
13,11,5,38,43,19
14,11,5,40,24,36
15,11,5,31,49,20
16,11,5,26,33,41
17,11,5,25,29,46
18,11,5,35,16,49
19,11,5,29,19,52
20,11,5,38,23,39
21,11,5,25,36,39
22,11,5,28,48,24
23,11,5,26,30,44
0,12,5,25,28,47
1,12,5,37,34,29
2,12,5,36,48,16
3,12,5,37,18,45
4,12,5,38,19,43
5,12,5,30,18,52
6,12,5,35,35,30
7,12,5,34,22,44
8,12,5,32,39,29
9,12,5,34,48,18
10,12,5,31,47,22
11,12,5,25,18,57
12,12,5,39,48,13
13,12,5,29,26,45
14,12,5,26,30,44
15,12,5,29,17,54
16,12,5,31,24,45
17,12,5,33,38,29
18,12,5,33,32,35
19,12,5,37,18,45
20,12,5,35,48,17
21,12,5,33,25,42
22,12,5,29,40,31
23,12,5,37,45,18
0,13,5,25,15,60
1,13,5,29,29,42
2,13,5,35,40,25
3,13,5,39,31,30
4,13,5,38,45,17
5,13,5,26,20,54
6,13,5,40,36,24
7,13,5,29,23,48
8,13,5,37,48,15
9,13,5,29,20,51
10,13,5,27,19,54
11,13,5,30,45,25
12,13,5,30,17,53
13,13,5,27,26,47
14,13,5,35,22,43
15,13,5,28,31,41
16,13,5,34,36,30
17,13,5,34,27,39
18,13,5,36,31,33
19,13,5,27,43,30
20,13,5,32,16,52
21,13,5,35,16,49
22,13,5,35,28,37
23,13,5,33,15,52
0,14,5,32,17,51
1,14,5,38,32,30
2,14,5,30,38,32
3,14,5,26,33,41
4,14,5,32,49,19
5,14,5,34,35,31
6,14,5,29,36,35
7,14,5,28,22,50
8,14,5,34,15,51
9,14,5,31,46,23
10,14,5,29,38,33
11,14,5,34,28,38
12,14,5,38,48,14
13,14,5,34,37,29
14,14,5,30,43,27
15,14,5,38,33,29
16,14,5,40,49,11
17,14,5,37,26,37
18,14,5,25,28,47
19,14,5,31,47,22
20,14,5,33,46,21
21,14,5,33,27,40
22,14,5,27,35,38
23,14,5,27,32,41
0,15,5,29,43,28
1,15,5,29,24,47
2,15,5,39,43,18
3,15,5,30,43,27
4,15,5,39,45,16
5,15,5,31,47,22
6,15,5,37,37,26
7,15,5,35,45,20
8,15,5,31,20,49
9,15,5,34,21,45
10,15,5,36,40,24
11,15,5,26,22,52
12,15,5,38,39,23
13,15,5,37,43,20
14,15,5,40,48,12
15,15,5,40,15,45
16,15,5,37,23,40
17,15,5,29,21,50
18,15,5,27,29,44
19,15,5,29,33,38
20,15,5,27,27,46
21,15,5,37,36,27
22,15,5,40,37,23
23,15,5,36,47,17
0,16,5,37,29,34
1,16,5,37,49,14
2,16,5,33,46,21
3,16,5,36,22,42
4,16,5,38,38,24
5,16,5,33,41,26
6,16,5,25,19,56
7,16,5,31,34,35
8,16,5,26,40,34
9,16,5,36,32,32
10,16,5,33,16,51
11,16,5,26,38,36
12,16,5,38,38,24
13,16,5,25,24,51
14,16,5,28,37,35
15,16,5,30,40,30
16,16,5,29,37,34
17,16,5,36,42,22
18,16,5,34,35,31
19,16,5,30,27,43
20,16,5,29,21,50
21,16,5,26,15,59
22,16,5,29,24,47
23,16,5,27,24,49
0,17,5,26,46,28
1,17,5,38,44,18
2,17,5,32,34,34
3,17,5,32,34,34
4,17,5,33,25,42
5,17,5,33,33,34
6,17,5,34,27,39
7,17,5,36,34,30
8,17,5,33,32,35
9,17,5,33,41,26
10,17,5,33,46,21
11,17,5,29,20,51
12,17,5,26,30,44
13,17,5,39,31,30
14,17,5,39,36,25
15,17,5,34,24,42
16,17,5,33,39,28
17,17,5,27,22,51
18,17,5,29,24,47
19,17,5,35,39,26
20,17,5,37,41,22
21,17,5,39,43,18
22,17,5,25,36,39
23,17,5,30,18,52
0,18,5,30,49,21
1,18,5,25,41,34
2,18,5,38,31,31
3,18,5,37,50,13
4,18,5,26,26,48
5,18,5,25,17,58
6,18,5,38,44,18
7,18,5,36,29,35
8,18,5,32,36,32
9,18,5,31,20,49
10,18,5,37,23,40
11,18,5,40,39,21
12,18,5,40,29,31
13,18,5,36,20,44
14,18,5,35,50,15
15,18,5,35,43,22
16,18,5,38,48,14
17,18,5,35,35,30
18,18,5,25,20,55
19,18,5,29,18,53
20,18,5,40,35,25
21,18,5,31,36,33
22,18,5,40,18,42
23,18,5,37,29,34
0,19,5,36,28,36
1,19,5,40,19,41
2,19,5,28,32,40
3,19,5,27,38,35
4,19,5,27,25,48
5,19,5,35,23,42
6,19,5,35,16,49
7,19,5,30,35,35
8,19,5,26,18,56
9,19,5,28,29,43
10,19,5,37,17,46
11,19,5,34,25,41
12,19,5,34,20,46
13,19,5,25,29,46
14,19,5,40,41,19
15,19,5,33,35,32
16,19,5,26,32,42
17,19,5,29,43,28
18,19,5,39,27,34
19,19,5,31,30,39
20,19,5,39,38,23
21,19,5,32,17,51
22,19,5,30,32,38
23,19,5,32,38,30
0,20,5,38,36,26
1,20,5,25,28,47
2,20,5,34,43,23
3,20,5,36,24,40
4,20,5,39,45,16
5,20,5,38,48,14
6,20,5,38,33,29
7,20,5,38,40,22
8,20,5,32,35,33
9,20,5,36,22,42
10,20,5,28,16,56
11,20,5,29,48,23
12,20,5,40,33,27
13,20,5,38,19,43
14,20,5,34,41,25
15,20,5,25,27,48
16,20,5,31,35,34
17,20,5,26,31,43
18,20,5,32,19,49
19,20,5,39,19,42
20,20,5,25,49,26
21,20,5,35,26,39
22,20,5,25,50,25
23,20,5,39,24,37
0,21,5,38,34,28
1,21,5,36,20,44
2,21,5,31,43,26
3,21,5,40,41,19
4,21,5,32,36,32
5,21,5,39,22,39
6,21,5,34,21,45
7,21,5,38,27,35
8,21,5,32,22,46
9,21,5,27,42,31
10,21,5,31,29,40
11,21,5,30,27,43
12,21,5,25,44,31
13,21,5,40,28,32
14,21,5,25,24,51
15,21,5,38,37,25
16,21,5,29,44,27
17,21,5,40,27,33
18,21,5,33,44,23
19,21,5,32,49,19
20,21,5,38,45,17
21,21,5,39,49,12
22,21,5,28,27,45
23,21,5,35,20,45
0,22,5,40,47,13
1,22,5,35,45,20
2,22,5,37,38,25
3,22,5,33,23,44
4,22,5,39,44,17
5,22,5,28,35,37
6,22,5,31,48,21
7,22,5,40,18,42
8,22,5,32,47,21
9,22,5,33,26,41
10,22,5,36,36,28
11,22,5,25,44,31
12,22,5,29,21,50
13,22,5,36,43,21
14,22,5,35,44,21
15,22,5,32,22,46
16,22,5,25,34,41
17,22,5,36,42,22
18,22,5,32,16,52
19,22,5,33,36,31
20,22,5,37,34,29
21,22,5,36,23,41
22,22,5,29,15,56
23,22,5,30,37,33
0,23,5,37,27,36
1,23,5,40,32,28
2,23,5,34,38,28
3,23,5,25,41,34
4,23,5,27,31,42
5,23,5,31,26,43
6,23,5,36,48,16
7,23,5,33,39,28
8,23,5,35,48,17
9,23,5,31,19,50
10,23,5,37,28,35
11,23,5,40,45,15
12,23,5,33,33,34
13,23,5,34,44,22
14,23,5,25,48,27
15,23,5,35,31,34
16,23,5,34,33,33
17,23,5,37,26,37
18,23,5,39,31,30
19,23,5,37,43,20
20,23,5,30,26,44
21,23,5,29,29,42
22,23,5,25,34,41
23,23,5,39,22,39
0,24,5,38,19,43
1,24,5,30,41,29
2,24,5,26,17,57
3,24,5,30,47,23
4,24,5,28,21,51
5,24,5,36,35,29
6,24,5,36,18,46
7,24,5,29,48,23
8,24,5,34,25,41
9,24,5,35,40,25
10,24,5,37,20,43
11,24,5,32,48,20
12,24,5,32,28,40
13,24,5,40,38,22
14,24,5,39,29,32
15,24,5,25,34,41
16,24,5,27,47,26
17,24,5,38,31,31
18,24,5,31,30,39
19,24,5,27,39,34
20,24,5,27,24,49
21,24,5,37,32,31
22,24,5,33,25,42
23,24,5,38,38,24
0,25,5,28,41,31
1,25,5,25,20,55
2,25,5,25,16,59
3,25,5,37,26,37
4,25,5,29,18,53
5,25,5,36,18,46
6,25,5,29,28,43
7,25,5,39,50,11
8,25,5,40,37,23
9,25,5,35,36,29
10,25,5,38,15,47
11,25,5,26,40,34
12,25,5,31,33,36
13,25,5,33,30,37
14,25,5,35,31,34
15,25,5,38,41,21
16,25,5,25,27,48
17,25,5,26,15,59
18,25,5,29,39,32
19,25,5,40,29,31
20,25,5,38,42,20
21,25,5,26,31,43
22,25,5,33,40,27
23,25,5,32,36,32
0,26,5,28,32,40
1,26,5,27,28,45
2,26,5,38,36,26
3,26,5,39,30,31
4,26,5,28,26,46
5,26,5,32,46,22
6,26,5,25,22,53
7,26,5,28,48,24
8,26,5,28,33,39
9,26,5,38,27,35
10,26,5,36,31,33
11,26,5,28,47,25
12,26,5,30,43,27
13,26,5,32,29,39
14,26,5,37,28,35
15,26,5,26,19,55
16,26,5,31,35,34
17,26,5,30,37,33
18,26,5,34,30,36
19,26,5,32,25,43
20,26,5,32,45,23
21,26,5,36,21,43
22,26,5,28,49,23
23,26,5,38,46,16
0,27,5,34,32,34
1,27,5,27,22,51
2,27,5,33,16,51
3,27,5,26,50,24
4,27,5,39,45,16
5,27,5,37,22,41
6,27,5,37,25,38
7,27,5,33,21,46
8,27,5,31,29,40
9,27,5,25,23,52
10,27,5,26,16,58
11,27,5,40,26,34
12,27,5,32,26,42
13,27,5,32,24,44
14,27,5,33,49,18
15,27,5,33,34,33
16,27,5,25,39,36
17,27,5,27,31,42
18,27,5,30,44,26
19,27,5,35,41,24
20,27,5,25,30,45
21,27,5,33,42,25
22,27,5,32,47,21
23,27,5,31,50,19
0,28,5,36,39,25
1,28,5,29,25,46
2,28,5,25,21,54
3,28,5,36,34,30
4,28,5,30,37,33
5,28,5,35,20,45
6,28,5,38,15,47
7,28,5,39,23,38
8,28,5,38,40,22
9,28,5,25,42,33
10,28,5,33,37,30
11,28,5,33,39,28
12,28,5,25,44,31
13,28,5,34,19,47
14,28,5,28,26,46
15,28,5,38,47,15
16,28,5,31,41,28
17,28,5,28,49,23
18,28,5,34,34,32
19,28,5,31,46,23
20,28,5,34,26,40
21,28,5,34,37,29
22,28,5,37,15,48
23,28,5,38,25,37
0,29,5,39,29,32
1,29,5,27,19,54
2,29,5,34,33,33
3,29,5,35,20,45
4,29,5,30,17,53
5,29,5,31,29,40
6,29,5,39,20,41
7,29,5,28,25,47
8,29,5,31,41,28
9,29,5,35,22,43
10,29,5,37,44,19
11,29,5,34,31,35
12,29,5,36,49,15
13,29,5,29,33,38
14,29,5,28,22,50
15,29,5,37,26,37
16,29,5,28,21,51
17,29,5,39,36,25
18,29,5,26,40,34
19,29,5,30,17,53
20,29,5,29,21,50
21,29,5,30,45,25
22,29,5,34,20,46
23,29,5,39,37,24
0,30,5,32,38,30
1,30,5,31,42,27
2,30,5,36,37,27
3,30,5,28,24,48
4,30,5,25,47,28
5,30,5,33,23,44
6,30,5,27,37,36
7,30,5,26,17,57
8,30,5,34,29,37
9,30,5,35,47,18
10,30,5,36,48,16
11,30,5,26,16,58
12,30,5,32,47,21
13,30,5,25,34,41
14,30,5,32,43,25
15,30,5,29,30,41
16,30,5,29,34,37
17,30,5,34,21,45
18,30,5,33,41,26
19,30,5,28,33,39
20,30,5,26,36,38
21,30,5,28,25,47
22,30,5,40,34,26
23,30,5,40,38,22
0,31,5,29,33,38
1,31,5,38,38,24
2,31,5,38,32,30
3,31,5,33,39,28
4,31,5,35,32,33
5,31,5,38,34,28
6,31,5,28,33,39
7,31,5,27,39,34
8,31,5,29,27,44
9,31,5,34,16,50
10,31,5,37,15,48
11,31,5,30,40,30
12,31,5,40,27,33
13,31,5,33,44,23
14,31,5,26,41,33
15,31,5,29,37,34
16,31,5,25,38,37
17,31,5,32,37,31
18,31,5,34,23,43
19,31,5,30,24,46
20,31,5,29,19,52
21,31,5,30,32,38
22,31,5,32,46,22
23,31,5,26,36,38
